1,Josh Allen,QB,BUF,396.7,396.7,396.7,436,652,4970,32.6,14.2,120,651,6.2,0,0,0,0.0
2,Patrick Mahomes,QB,KC,374.8,374.8,374.8,441,662,4929,33.2,11.4,82,448,4.6,0,0,0,0.0
3,Lamar Jackson,QB,BAL,359.3,359.3,359.3,387,579,3996,27.9,15.2,153,835,7.1,0,0,0,0.0
4,Justin Herbert,QB,LAC,357.3,357.3,357.3,429,635,4914,32.3,14.2,85,406,3.9,0,0,0,0.0
5,Jalen Hurts,QB,PHI,353.6,353.6,353.6,352,520,4082,25.6,13.4,139,757,7.4,0,0,0,0.0
6,Kyler Murray,QB,ARI,350.2,350.2,350.2,412,615,4760,28.0,10.3,111,517,4.2,0,0,0,0.0
7,Matthew Stafford,QB,LAR,343.6,343.6,343.6,432,626,5183,33.8,13.9,55,126,3.3,0,0,0,0.0
8,Tom Brady,QB,TB,339.0,339.0,339.0,441,661,5197,32.2,11.8,50,137,2.8,0,0,0,0.0
9,Trey Lance,QB,SF,338.0,338.0,338.0,383,561,4583,26.6,14.6,121,507,5.5,0,0,0,0.0
10,Joe Burrow,QB,CIN,333.6,333.6,333.6,411,608,5204,30.2,9.2,56,141,2.4,0,0,0,0.0
11,Dak Prescott,QB,DAL,328.8,328.8,328.8,451,664,5079,30.9,13.3,59,152,3.3,0,0,0,0.0
12,Aaron Rodgers,QB,GB,328.2,328.2,328.2,412,622,4638,30.0,4.4,50,156,3.2,0,0,0,0.0
13,Russell Wilson,QB,DEN,313.1,313.1,313.1,388,582,4492,25.8,9.7,77,289,4.2,0,0,0,0.0
14,Kirk Cousins,QB,MIN,310.2,310.2,310.2,413,600,4904,29.6,9.6,46,163,1.0,0,0,0,0.0
15,Derek Carr,QB,LV,302.2,302.2,302.2,435,627,4816,27.7,13.9,61,168,3.0,0,0,0,0.0
16,Justin Fields,QB,CHI,299.1,299.1,299.1,361,562,3779,23.0,14.9,131,706,3.5,0,0,0,0.0
17,Matt Ryan,QB,IND,298.2,298.2,298.2,399,604,4567,26.8,9.6,63,122,3.5,0,0,0,0.0
18,Daniel Jones,QB,NYG,288.7,288.7,288.7,392,592,4210,24.1,15.1,91,416,3.5,0,0,0,0.0
19,Trevor Lawrence,QB,JAC,286.7,286.7,286.7,399,615,4232,21.7,13.8,83,368,4.1,0,0,0,0.0
20,Ryan Tannehill,QB,TEN,283.3,283.3,283.3,370,576,3922,26.4,12.9,63,271,4.1,0,0,0,0.0
21,Jameis Winston,QB,NO,283.0,283.0,283.0,360,545,3903,25.4,12.5,87,438,1.9,0,0,0,0.0
22,Carson Wentz,QB,WAS,281.3,281.3,281.3,380,574,4256,26.5,14.4,67,245,3.0,0,0,0,0.0
23,Zach Wilson,QB,NYJ,273.6,273.6,273.6,395,616,4294,23.0,15.4,55,252,3.0,0,0,0,0.0
24,Tua Tagovailoa,QB,MIA,273.1,273.1,273.1,392,583,3978,27.0,14.5,66,195,3.3,0,0,0,0.0
25,Mac Jones,QB,NE,269.5,269.5,269.5,385,584,4379,25.5,15.3,59,175,1.3,0,0,0,0.0
26,Jared Goff,QB,DET,254.7,254.7,254.7,409,614,4367,24.5,13.5,36,89,0.9,0,0,0,0.0
27,Marcus Mariota,QB,ATL,251.8,251.8,251.8,371,569,4055,21.8,11.9,50,210,2.2,0,0,0,0.0
28,Davis Mills,QB,HOU,240.6,240.6,240.6,405,621,4238,23.2,13.8,30,49,0.7,0,0,0,0.0
29,Geno Smith,QB,SEA,204.6,204.6,204.6,305,457,3356,18.0,11.6,45,175,1.4,0,0,0,0.0
30,Baker Mayfield,QB,CAR,198.4,198.4,198.4,291,454,3150,18.6,11.9,51,185,1.6,0,0,0,0.0
31,Mitchell Trubisky,QB,PIT,187.1,187.1,187.1,294,444,2958,17.3,10.5,44,186,1.5,0,0,0,0.0
32,Deshaun Watson,QB,CLE,179.0,179.0,179.0,274,407,3231,17.5,8.1,10,-3,0.1,0,0,0,0.0
33,Sam Darnold,QB,CAR,91.0,91.0,91.0,57,88,613,3.3,3.2,59,354,3.8,0,0,0,0.0
34,Jacoby Brissett,QB,CLE,73.7,73.7,73.7,96,143,1094,6.1,3.1,21,63,1.3,0,0,0,0.0
35,Drew Lock,QB,SEA,64.9,64.9,64.9,95,143,1051,5.3,2.5,19,46,0.6,0,0,0,0.0
36,Kenny Pickett,QB,PIT,60.3,60.3,60.3,108,163,1080,6.4,3.9,4,-2,0.0,0,0,0,0.0
37,Andy Dalton,QB,NO,38.3,38.3,38.3,22,33,236,1.2,1.1,33,168,1.6,0,0,0,0.0
38,Tyrod Taylor,QB,NYG,37.1,37.1,37.1,17,26,187,1.1,0.8,34,211,1.0,0,0,0,0.0
39,Matt Corral,QB,CAR,23.0,23.0,23.0,39,61,422,2.4,1.5,1,-1,0.0,0,0,0,0.0
40,Blaine Gabbert,QB,TB,18.4,18.4,18.4,19,28,223,1.4,0.8,7,21,0.4,0,0,0,0.0
41,Joshua Dobbs,QB,CLE,15.3,15.3,15.3,22,32,247,1.6,0.8,1,0,0.0,0,0,0,0.0
42,Desmond Ridder,QB,ATL,15.2,15.2,15.2,26,40,283,1.4,1.0,1,-1,0.0,0,0,0,0.0
43,Taylor Heinicke,QB,WAS,10.1,10.1,10.1,4,6,43,0.3,0.1,8,49,0.5,0,0,0,0.0
44,Teddy Bridgewater,QB,MIA,9.6,9.6,9.6,4,6,42,0.2,0.1,8,36,0.6,0,0,0,0.0
45,Jimmy Garoppolo,QB,SF,8.7,8.7,8.7,4,5,45,0.2,0.2,8,26,0.6,0,0,0,0.0
46,Jordan Love,QB,GB,8.5,8.5,8.5,4,6,44,0.3,0.2,8,38,0.3,0,0,0,0.0
47,Trevor Siemian,QB,CHI,7.6,7.6,7.6,4,6,42,0.2,0.1,8,39,0.3,0,0,0,0.0
48,Tim Boyle,QB,DET,7.6,7.6,7.6,4,6,40,0.2,0.2,7,36,0.3,0,0,0,0.0
49,Josh Johnson,QB,DEN,7.1,7.1,7.1,4,6,45,0.3,0.2,8,29,0.3,0,0,0,0.0
50,Gardner Minshew,QB,PHI,7.0,7.0,7.0,4,5,41,0.3,0.1,9,28,0.3,0,0,0,0.0
51,Chad Henne,QB,KC,6.9,6.9,6.9,4,6,46,0.3,0.2,7,20,0.3,0,0,0,0.0
52,Nick Foles,QB,IND,6.7,6.7,6.7,4,6,44,0.3,0.1,8,23,0.3,0,0,0,0.0
53,Colt McCoy,QB,ARI,6.7,6.7,6.7,4,6,49,0.3,0.1,8,29,0.2,0,0,0,0.0
54,Brandon Allen,QB,CIN,6.6,6.6,6.6,4,6,53,0.3,0.1,8,21,0.2,0,0,0,0.0
55,Case Keenum,QB,BUF,6.6,6.6,6.6,4,6,42,0.3,0.2,7,21,0.3,0,0,0,0.0
56,Cooper Rush,QB,DAL,6.3,6.3,6.3,5,7,52,0.3,0.2,7,19,0.3,0,0,0,0.0
57,Kyle Allen,QB,HOU,6.3,6.3,6.3,4,6,42,0.2,0.2,7,26,0.2,0,0,0,0.0
58,Joe Flacco,QB,NYJ,6.0,6.0,6.0,4,7,48,0.3,0.1,8,22,0.2,0,0,0,0.0
59,Brian Hoyer,QB,NE,5.9,5.9,5.9,4,6,46,0.3,0.1,8,21,0.2,0,0,0,0.0
60,John Wolford,QB,LAR,3.3,3.3,3.3,4,6,52,0.3,0.2,1,1,0.0,0,0,0,0.0
61,Tyler Huntley,QB,BAL,3.1,3.1,3.1,4,6,41,0.2,0.2,1,6,0.0,0,0,0,0.0
62,Chase Daniel,QB,LAC,3.1,3.1,3.1,4,6,47,0.3,0.2,1,1,0.0,0,0,0,0.0
63,Sean Mannion,QB,MIN,2.9,2.9,2.9,4,6,51,0.3,0.2,0,0,0.0,0,0,0,0.0
64,Jarrett Stidham,QB,LV,2.7,2.7,2.7,4,6,46,0.3,0.2,0,0,0.0,0,0,0,0.0
65,Logan Woodside,QB,TEN,2.6,2.6,2.6,4,6,42,0.3,0.1,1,1,0.0,0,0,0,0.0
66,C.J. Beathard,QB,JAC,2.4,2.4,2.4,4,6,41,0.3,0.2,1,1,0.0,0,0,0,0.0
67,Mason Rudolph,QB,PIT,0.5,0.5,0.5,0,0,2,0.0,0.0,1,3,0.0,0,0,0,0.0
68,Nick Mullens,QB,LV,0.4,0.4,0.4,0,0,3,0.0,0.0,0,2,0.0,0,0,0,0.0
69,Ian Book,QB,NO,0.4,0.4,0.4,0,0,2,0.0,0.0,1,1,0.0,0,0,0,0.0
70,Mike White,QB,NYJ,0.3,0.3,0.3,0,0,3,0.0,0.0,0,1,0.0,0,0,0,0.0
71,Brett Rypien,QB,DEN,0.2,0.2,0.2,0,0,3,0.0,0.0,0,0,0.0,0,0,0,0.0
72,Nate Sudfeld,QB,SF,0.2,0.2,0.2,0,0,3,0.0,0.0,0,0,0.0,0,0,0,0.0
73,Jake Browning,QB,CIN,0.2,0.2,0.2,0,0,3,0.0,0.0,0,0,0.0,0,0,0,0.0
74,Shane Buechele,QB,KC,0.2,0.2,0.2,0,0,3,0.0,0.0,0,0,0.0,0,0,0,0.0
75,Easton Stick,QB,LAC,0.2,0.2,0.2,0,0,3,0.0,0.0,0,0,0.0,0,0,0,0.0
76,Bryce Perkins,QB,LAR,0.2,0.2,0.2,0,0,3,0.0,0.0,0,0,0.0,0,0,0,0.0
77,Kyle Trask,QB,TB,0.2,0.2,0.2,0,0,3,0.0,0.0,0,0,0.0,0,0,0,0.0
78,Trace McSorley,QB,ARI,0.2,0.2,0.2,0,0,3,0.0,0.0,0,0,0.0,0,0,0,0.0
79,Kellen Mond,QB,MIN,0.2,0.2,0.2,0,0,3,0.0,0.0,0,0,0.0,0,0,0,0.0
80,Skylar Thompson,QB,MIA,0.2,0.2,0.2,0,0,3,0.0,0.0,0,0,0.0,0,0,0,0.0
81,Davis Webb,QB,NYG,0.2,0.2,0.2,0,0,2,0.0,0.0,0,0,0.0,0,0,0,0.0
82,Danny Etling,QB,GB,0.2,0.2,0.2,0,0,3,0.0,0.0,0,0,0.0,0,0,0,0.0
83,Matt Barkley,QB,BUF,0.2,0.2,0.2,0,0,3,0.0,0.0,0,0,0.0,0,0,0,0.0
84,Jacob Eason,QB,SEA,0.2,0.2,0.2,0,0,3,0.0,0.0,0,0,0.0,0,0,0,0.0
85,Sam Ehlinger,QB,IND,0.2,0.2,0.2,0,0,3,0.0,0.0,0,0,0.0,0,0,0,0.0
86,Carson Strong,QB,PHI,0.2,0.2,0.2,0,0,3,0.0,0.0,0,0,0.0,0,0,0,0.0
87,Will Grier,QB,DAL,0.2,0.2,0.2,0,0,3,0.0,0.0,0,0,0.0,0,0,0,0.0
88,Feleipe Franks,QB,ATL,0.2,0.2,0.2,0,0,3,0.0,0.0,0,0,0.0,0,0,0,0.0
89,Bailey Zappe,QB,NE,0.1,0.1,0.1,0,0,3,0.0,0.0,0,0,0.0,0,0,0,0.0
90,Jake Luton,QB,JAC,0.1,0.1,0.1,0,0,2,0.0,0.0,0,0,0.0,0,0,0,0.0
91,Malik Willis,QB,TEN,0.1,0.1,0.1,0,0,2,0.0,0.0,0,0,0.0,0,0,0,0.0
92,Jeff Driskel,QB,HOU,0.1,0.1,0.1,0,0,3,0.0,0.0,0,0,0.0,0,0,0,0.0
93,Nathan Peterman,QB,CHI,0.1,0.1,0.1,0,0,2,0.0,0.0,0,0,0.0,0,0,0,0.0
94,Brett Hundley,QB,BAL,0.1,0.1,0.1,0,0,2,0.0,0.0,0,0,0.0,0,0,0,0.0
95,Sam Howell,QB,WAS,0.1,0.1,0.1,0,0,3,0.0,0.0,0,0,0.0,0,0,0,0.0
96,David Blough,QB,DET,0.1,0.1,0.1,0,0,2,0.0,0.0,0,0,0.0,0,0,0,0.0
97,Jonathan Taylor,RB,IND,280.3,302.1,323.9,0,0,0,0.0,0.0,292,1580,12.8,57,44,379,1.8
98,Derrick Henry,RB,TEN,253.4,274.2,295.0,0,0,0,0.0,0.0,333,1532,10.2,55,42,324,1.5
99,Joe Mixon,RB,CIN,245.4,266.8,288.2,0,0,0,0.0,0.0,301,1356,10.5,56,43,351,2.2
100,Dalvin Cook,RB,MIN,241.9,266.4,290.9,0,0,0,0.0,0.0,288,1355,10.7,64,49,369,1.5
101,Najee Harris,RB,PIT,237.8,263.7,289.7,0,0,0,0.0,0.0,292,1244,10.7,68,52,385,2.1
102,Nick Chubb,RB,CLE,231.1,250.0,269.0,0,0,0,0.0,0.0,280,1408,9.3,50,38,310,1.1
103,Christian McCaffrey,RB,CAR,224.4,264.2,304.1,0,0,0,0.0,0.0,204,936,4.8,104,80,783,4.4
104,Leonard Fournette,RB,TB,217.1,249.1,281.2,0,0,0,0.0,0.0,233,1058,8.4,84,64,475,2.6
105,D’Andre Swift,RB,DET,213.8,253.3,292.8,0,0,0,0.0,0.0,206,904,7.1,104,79,614,3.7
106,Aaron Jones,RB,GB,213.5,246.4,279.3,0,0,0,0.0,0.0,206,980,6.8,87,66,569,3.4
107,Austin Ekeler,RB,LAC,210.0,242.7,275.4,0,0,0,0.0,0.0,196,918,7.2,86,65,600,2.9
108,David Montgomery,RB,CHI,207.9,232.4,256.9,0,0,0,0.0,0.0,239,1052,8.9,64,49,402,2.0
109,Saquon Barkley,RB,NYG,201.6,233.8,266.0,0,0,0,0.0,0.0,235,1025,7.0,85,64,479,2.1
110,Ezekiel Elliott,RB,DAL,193.4,220.0,246.7,0,0,0,0.0,0.0,198,904,8.7,70,53,368,2.6
111,Alvin Kamara,RB,NO,191.4,225.1,258.8,0,0,0,0.0,0.0,187,794,6.0,89,67,581,3.3
112,Javonte Williams,RB,DEN,189.9,212.7,235.5,0,0,0,0.0,0.0,229,1038,7.1,60,46,354,1.7
113,Cam Akers,RB,LAR,181.3,205.9,230.4,0,0,0,0.0,0.0,210,991,5.2,65,49,413,1.9
114,Damien Harris,RB,NE,173.3,184.3,195.3,0,0,0,0.0,0.0,206,1003,8.9,29,22,182,0.7
115,Breece Hall,RB,NYJ,168.6,189.5,210.3,0,0,0,0.0,0.0,212,840,6.9,59,42,369,1.5
116,Josh Jacobs,RB,LV,167.0,187.0,207.1,0,0,0,0.0,0.0,193,853,7.8,53,40,294,1.2
117,Elijah Mitchell,RB,SF,160.8,175.0,189.3,0,0,0,0.0,0.0,225,1042,5.1,37,29,212,1.0
118,James Conner,RB,ARI,160.2,178.2,196.2,0,0,0,0.0,0.0,183,786,7.0,47,36,321,1.6
119,Travis Etienne,RB,JAC,154.8,181.6,208.4,0,0,0,0.0,0.0,160,725,5.0,70,54,442,1.7
120,Miles Sanders,RB,PHI,150.9,167.3,183.7,0,0,0,0.0,0.0,205,994,3.6,43,33,242,1.3
121,Kareem Hunt,RB,CLE,146.0,172.0,198.0,0,0,0,0.0,0.0,131,608,5.0,68,52,438,2.2
122,A.J. Dillon,RB,GB,143.4,158.9,174.5,0,0,0,0.0,0.0,163,755,6.5,41,31,251,0.9
123,Cordarrelle Patterson,RB,ATL,143.2,165.2,187.2,0,0,0,0.0,0.0,147,655,4.5,58,44,399,2.0
124,Chase Edmonds,RB,MIA,140.0,164.6,189.1,0,0,0,0.0,0.0,162,758,3.4,65,49,350,1.8
125,Antonio Gibson,RB,WAS,137.9,153.7,169.6,0,0,0,0.0,0.0,172,743,5.5,42,32,238,1.7
126,Darrell Henderson,RB,LAR,137.3,151.3,165.3,0,0,0,0.0,0.0,161,763,5.5,37,28,193,1.6
127,James Robinson,RB,JAC,133.6,147.5,161.5,0,0,0,0.0,0.0,164,797,5.5,37,28,192,0.7
128,Rashaad Penny,RB,SEA,133.1,147.6,162.2,0,0,0,0.0,0.0,174,841,3.6,38,29,230,0.9
129,Tony Pollard,RB,DAL,132.6,155.5,178.5,0,0,0,0.0,0.0,147,749,2.1,60,46,371,1.6
130,Devin Singletary,RB,BUF,130.5,148.7,167.0,0,0,0,0.0,0.0,148,702,5.6,48,36,224,1.2
131,Melvin Gordon III,RB,DEN,125.6,138.2,150.8,0,0,0,0.0,0.0,158,709,5.3,33,25,184,1.1
132,Rhamondre Stevenson,RB,NE,125.4,142.3,159.1,0,0,0,0.0,0.0,146,655,4.5,44,34,273,1.2
133,Kenneth Walker III,RB,SEA,120.8,138.1,155.4,0,0,0,0.0,0.0,145,517,5.5,49,35,306,1.2
134,Ronald Jones,RB,KC,117.6,132.5,147.3,0,0,0,0.0,0.0,153,689,4.4,39,30,175,1.3
135,Jamaal Williams,RB,DET,114.2,124.6,134.9,0,0,0,0.0,0.0,150,694,4.8,27,21,144,0.5
136,J.K. Dobbins,RB,BAL,110.1,125.0,139.9,0,0,0,0.0,0.0,132,613,4.2,39,30,190,1.0
137,Dameon Pierce,RB,HOU,104.5,120.6,136.7,0,0,0,0.0,0.0,128,454,4.2,46,32,286,1.2
138,Michael Carter,RB,NYJ,98.7,113.8,129.0,0,0,0,0.0,0.0,117,548,3.0,40,30,222,0.8
139,Tyler Allgeier,RB,ATL,94.8,107.6,120.5,0,0,0,0.0,0.0,130,463,3.6,37,26,228,0.9
140,Marlon Mack,RB,HOU,94.0,107.3,120.6,0,0,0,0.0,0.0,138,638,1.9,35,27,167,0.6
141,Boston Scott,RB,PHI,92.7,99.7,106.8,0,0,0,0.0,0.0,95,425,6.0,19,14,114,0.7
142,Isaiah Spiller,RB,LAC,90.2,104.2,118.2,0,0,0,0.0,0.0,113,403,3.4,40,28,248,1.0
143,D’Onta Foreman,RB,CAR,90.1,100.0,110.0,0,0,0,0.0,0.0,113,504,3.5,26,20,158,0.7
144,James Cook,RB,BUF,89.1,103.2,117.4,0,0,0,0.0,0.0,104,371,3.7,40,28,251,1.0
145,Alexander Mattison,RB,MIN,88.2,101.1,114.1,0,0,0,0.0,0.0,109,476,2.0,34,26,218,1.3
146,J.D. McKissic,RB,WAS,87.5,106.3,125.1,0,0,0,0.0,0.0,74,320,2.2,49,38,330,1.7
147,Rachaad White,RB,TB,87.4,99.9,112.5,0,0,0,0.0,0.0,110,390,3.7,36,25,222,0.9
148,Raheem Mostert,RB,MIA,84.5,91.5,98.5,0,0,0,0.0,0.0,103,484,3.7,18,14,124,0.5
149,Damien Williams,RB,ATL,83.8,101.3,118.7,0,0,0,0.0,0.0,69,305,3.3,46,35,263,1.4
150,Rex Burkhead,RB,HOU,81.2,90.3,99.5,0,0,0,0.0,0.0,82,363,4.3,24,18,157,0.8
151,Clyde Edwards-Helaire,RB,KC,81.1,92.8,104.5,0,0,0,0.0,0.0,93,418,2.9,31,23,169,1.1
152,Darrel Williams,RB,ARI,78.7,91.4,104.2,0,0,0,0.0,0.0,74,319,2.9,34,25,221,1.4
153,Mark Ingram,RB,NO,71.8,80.2,88.6,0,0,0,0.0,0.0,93,390,2.8,22,17,127,0.7
154,Brian Robinson Jr.,RB,WAS,71.4,81.0,90.6,0,0,0,0.0,0.0,95,338,2.9,28,19,170,0.7
155,Nyheim Hines,RB,IND,69.2,90.7,112.3,0,0,0,0.0,0.0,56,255,0.0,57,43,352,1.6
156,Derrick Gore,RB,KC,67.3,78.5,89.6,0,0,0,0.0,0.0,79,332,2.1,29,22,168,0.9
157,Zamir White,RB,LV,66.8,75.6,84.3,0,0,0,0.0,0.0,85,303,3.0,25,17,155,0.6
158,Hassan Haskins,RB,TEN,64.0,74.9,85.8,0,0,0,0.0,0.0,72,258,2.6,31,22,193,0.7
159,Matt Breida,RB,NYG,62.3,74.7,87.2,0,0,0,0.0,0.0,56,242,1.6,33,25,218,1.3
160,Justice Hill,RB,BAL,61.5,67.7,73.8,0,0,0,0.0,0.0,89,363,2.6,16,12,79,0.4
161,Kenneth Gainwell,RB,PHI,61.0,71.3,81.6,0,0,0,0.0,0.0,68,295,1.4,27,21,171,1.2
162,Gus Edwards,RB,BAL,56.8,64.3,71.8,0,0,0,0.0,0.0,63,309,2.0,20,15,114,0.5
163,Khalil Herbert,RB,CHI,54.7,61.8,68.9,0,0,0,0.0,0.0,73,343,1.2,19,14,110,0.5
164,Kenyan Drake,RB,LV,50.5,60.7,71.0,0,0,0,0.0,0.0,55,247,0.9,27,20,160,0.9
165,Jeff Wilson Jr.,RB,SF,47.0,51.5,56.2,0,0,0,0.0,0.0,52,230,2.4,12,9,72,0.4
166,Kyle Juszczyk,RB,SF,44.0,60.8,77.6,0,0,0,0.0,0.0,9,35,0.4,44,34,297,1.5
167,Sony Michel,RB,MIA,42.4,45.0,47.6,0,0,0,0.0,0.0,63,285,1.7,7,5,33,0.2
168,Zack Moss,RB,BUF,40.3,46.7,53.1,0,0,0,0.0,0.0,43,198,1.5,17,13,93,0.5
169,Myles Gaskin,RB,MIA,40.2,44.3,48.4,0,0,0,0.0,0.0,54,230,1.4,11,8,63,0.5
170,James White,RB,NE,35.8,42.1,48.5,0,0,0,0.0,0.0,34,148,1.0,17,13,115,0.6
171,Ameer Abdullah,RB,LV,35.8,42.8,49.8,0,0,0,0.0,0.0,38,166,0.7,18,14,112,0.7
172,Anthony McFarland,RB,PIT,35.5,39.8,44.1,0,0,0,0.0,0.0,42,174,1.8,11,9,58,0.3
173,Samaje Perine,RB,CIN,35.0,42.5,50.1,0,0,0,0.0,0.0,40,181,0.0,20,15,124,0.8
174,Giovani Bernard,RB,TB,32.3,42.3,52.4,0,0,0,0.0,0.0,17,76,0.5,26,20,161,1.1
175,DeeJay Dallas,RB,SEA,29.8,31.2,32.7,0,0,0,0.0,0.0,32,148,2.0,4,3,24,0.1
176,Chris Evans,RB,CIN,28.1,35.1,42.1,0,0,0,0.0,0.0,20,80,0.7,18,14,115,0.8
177,Dare Ogunbowale,RB,HOU,27.8,32.9,38.0,0,0,0,0.0,0.0,36,152,0.7,14,10,67,0.4
178,Jaret Patterson,RB,WAS,26.6,28.2,30.0,0,0,0,0.0,0.0,49,203,0.6,4,3,25,0.1
179,Phillip Lindsay,RB,IND,25.8,27.4,29.0,0,0,0,0.0,0.0,41,184,0.8,4,3,20,0.1
180,Patrick Ricard,RB,BAL,23.5,35.6,47.6,0,0,0,0.0,0.0,2,6,0.0,32,24,148,1.4
181,Joshua Kelley,RB,LAC,23.5,25.1,26.7,0,0,0,0.0,0.0,38,163,0.7,4,3,28,0.1
182,Tony Jones Jr.,RB,NO,22.7,26.2,29.6,0,0,0,0.0,0.0,33,141,0.5,9,7,45,0.2
183,Keaontay Ingram,RB,ARI,21.5,25.1,28.6,0,0,0,0.0,0.0,28,99,0.7,10,7,63,0.3
184,Tevin Coleman,RB,NYJ,20.9,22.3,23.7,0,0,0,0.0,0.0,32,144,0.6,4,3,22,0.1
185,JaMycal Hasty,RB,SF,20.4,21.5,22.6,0,0,0,0.0,0.0,21,87,1.6,3,2,16,0.1
186,Benny Snell,RB,PIT,19.0,22.3,25.6,0,0,0,0.0,0.0,33,139,0.0,9,7,46,0.2
187,Craig Reynolds,RB,DET,18.5,20.1,21.7,0,0,0,0.0,0.0,30,122,0.6,4,3,22,0.1
188,C.J. Ham,RB,MIN,17.3,24.0,30.7,0,0,0,0.0,0.0,5,21,0.3,18,13,106,0.4
189,Alec Ingold,RB,MIA,17.0,23.9,30.7,0,0,0,0.0,0.0,3,13,0.3,18,14,99,0.7
190,Ryquell Armstead,RB,JAC,16.8,18.3,19.9,0,0,0,0.0,0.0,23,101,0.7,4,3,22,0.1
191,Darrynton Evans,RB,CHI,15.6,17.1,18.5,0,0,0,0.0,0.0,21,87,0.7,4,3,23,0.1
192,Trayveon Williams,RB,CIN,15.2,15.6,16.1,0,0,0,0.0,0.0,25,96,0.8,1,1,8,0.0
193,Jakob Johnson,RB,LV,15.2,22.4,29.6,0,0,0,0.0,0.0,3,10,0.1,19,14,104,0.6
194,Tyrion Davis-Price,RB,SF,14.7,17.1,19.5,0,0,0,0.0,0.0,18,63,0.6,7,5,42,0.2
195,Keith Smith,RB,ATL,14.5,20.2,25.9,0,0,0,0.0,0.0,14,57,0.0,15,11,74,0.3
196,Mike Burton,RB,KC,14.4,17.9,21.3,0,0,0,0.0,0.0,6,28,0.7,9,7,51,0.4
197,Eno Benjamin,RB,ARI,14.1,15.5,16.9,0,0,0,0.0,0.0,29,118,0.0,4,3,20,0.1
198,Chuba Hubbard,RB,CAR,13.4,15.0,16.7,0,0,0,0.0,0.0,19,81,0.4,4,3,22,0.1
199,Dontrell Hilliard,RB,TEN,12.9,14.6,16.2,0,0,0,0.0,0.0,19,87,0.2,4,3,23,0.1
200,Ben Mason,RB,BAL,12.7,18.5,24.3,0,0,0,0.0,0.0,4,13,0.1,15,12,76,0.6
201,Adam Prentice,RB,NO,10.5,15.6,20.8,0,0,0,0.0,0.0,3,13,0.1,13,10,68,0.3
202,Kylin Hill,RB,GB,10.1,11.3,12.4,0,0,0,0.0,0.0,19,82,0.0,3,2,17,0.1
203,Alex Armah,RB,WAS,8.0,10.9,13.8,0,0,0,0.0,0.0,8,35,0.0,8,6,31,0.3
204,Reggie Gilliam,RB,BUF,7.9,11.7,15.4,0,0,0,0.0,0.0,3,12,0.0,10,7,55,0.2
205,D’Ernest Johnson,RB,CLE,7.9,9.6,11.4,0,0,0,0.0,0.0,7,33,0.3,5,4,26,0.1
206,Corey Clement,RB,BAL,7.3,7.8,8.4,0,0,0,0.0,0.0,15,65,0.0,1,1,6,0.0
207,Gabe Nabers,RB,LAC,6.5,9.2,12.0,0,0,0,0.0,0.0,3,13,0.0,7,5,41,0.2
208,Tory Carter,RB,TEN,6.5,9.8,13.0,0,0,0,0.0,0.0,1,4,0.0,9,7,46,0.2
209,Jake Funk,RB,LAR,6.4,6.8,7.2,0,0,0,0.0,0.0,15,59,0.0,1,1,5,0.0
210,Andy Janovich,RB,HOU,6.2,9.2,12.3,0,0,0,0.0,0.0,2,9,0.2,8,6,33,0.1
211,Tyler Badie,RB,BAL,5.5,6.0,6.5,0,0,0,0.0,0.0,9,30,0.2,1,1,9,0.0
212,Jason Cabinda,RB,DET,5.5,7.9,10.3,0,0,0,0.0,0.0,2,9,0.1,6,5,31,0.2
213,Ricky Person,RB,BAL,5.5,6.0,6.5,0,0,0,0.0,0.0,9,30,0.2,1,1,9,0.0
214,Khari Blasingame,RB,CHI,5.4,8.1,10.7,0,0,0,0.0,0.0,3,12,0.0,7,5,34,0.2
215,Nate McCrary,RB,BAL,5.4,5.9,6.4,0,0,0,0.0,0.0,9,29,0.2,1,1,9,0.0
216,Mike Davis,RB,BAL,5.0,5.5,6.1,0,0,0,0.0,0.0,7,30,0.2,1,1,7,0.0
217,Nick Bawden,RB,NYJ,4.9,7.3,9.6,0,0,0,0.0,0.0,1,4,0.0,6,5,34,0.2
218,Mike Boone,RB,DEN,4.7,4.9,5.2,0,0,0,0.0,0.0,7,29,0.2,1,1,3,0.0
219,Kyren Williams,RB,LAR,4.6,5.0,5.4,0,0,0,0.0,0.0,7,23,0.2,1,1,7,0.0
220,Derek Watt,RB,PIT,3.1,4.9,6.5,0,0,0,0.0,0.0,1,3,0.0,4,3,22,0.1
221,Qadree Ollison,RB,ATL,3.1,3.4,3.6,0,0,0,0.0,0.0,7,28,0.0,1,1,3,0.0
222,J.J. Taylor,RB,NE,3.0,3.0,3.0,0,0,0,0.0,0.0,4,19,0.2,0,0,0,0.0
223,Nick Bellore,RB,SEA,2.6,3.7,4.9,0,0,0,0.0,0.0,0,1,0.0,3,2,19,0.1
224,Caleb Huntley,RB,ATL,2.5,2.8,3.0,0,0,0,0.0,0.0,4,15,0.1,1,1,3,0.0
225,Duke Johnson,RB,BUF,2.4,2.4,2.4,0,0,0,0.0,0.0,3,16,0.1,0,0,0,0.0
226,Ty Johnson,RB,NYJ,2.3,2.3,2.3,0,0,0,0.0,0.0,3,15,0.1,0,0,0,0.0
227,Jeremy McNichols,RB,PIT,2.3,2.3,2.3,0,0,0,0.0,0.0,4,20,0.1,0,0,0,0.0
228,Deon Jackson,RB,IND,2.2,2.2,2.2,0,0,0,0.0,0.0,3,14,0.1,0,0,0,0.0
229,Damarea Crockett,RB,DEN,2.1,2.2,2.2,0,0,0,0.0,0.0,5,20,0.0,0,0,1,0.0
230,Ke’Shawn Vaughn,RB,TB,2.1,2.1,2.1,0,0,0,0.0,0.0,3,13,0.1,0,0,0,0.0
231,Lamical Perine,RB,NYJ,2.0,2.0,2.0,0,0,0,0.0,0.0,3,14,0.1,0,0,0,0.0
232,B.J. Baylor,RB,GB,1.8,1.9,2.0,0,0,0,0.0,0.0,3,10,0.1,0,0,2,0.0
233,Jason Huntley,RB,PHI,1.8,1.8,1.8,0,0,0,0.0,0.0,3,12,0.1,0,0,0,0.0
234,Tyler Goodson,RB,GB,1.8,1.9,2.0,0,0,0,0.0,0.0,3,10,0.1,0,0,2,0.0
235,Jerick McKinnon,RB,KC,1.7,1.7,1.7,0,0,0,0.0,0.0,3,12,0.1,0,0,0,0.0
236,Kennedy Brooks,RB,PHI,1.7,1.7,1.7,0,0,0,0.0,0.0,3,11,0.1,0,0,0,0.0
237,Kenjon Barner,RB,TB,1.7,1.8,1.8,0,0,0,0.0,0.0,3,12,0.1,0,0,0,0.0
238,JaQuan Hardy,RB,PHI,1.6,1.6,1.6,0,0,0,0.0,0.0,3,10,0.1,0,0,0,0.0
239,Brandon Bolden,RB,LV,1.6,1.6,1.6,0,0,0,0.0,0.0,3,13,0.1,0,0,0,0.0
240,Mataeo Durant,RB,PIT,1.6,1.6,1.6,0,0,0,0.0,0.0,3,9,0.1,0,0,0,0.0
241,Jaylen Warren,RB,PIT,1.6,1.6,1.6,0,0,0,0.0,0.0,3,9,0.1,0,0,0,0.0
242,Kene Nwangwu,RB,MIN,1.6,1.6,1.6,0,0,0,0.0,0.0,3,11,0.1,0,0,0,0.0
243,Patrick Taylor,RB,GB,1.6,1.6,1.6,0,0,0,0.0,0.0,2,9,0.1,0,0,0,0.0
244,Ryan Nall,RB,DAL,1.6,1.6,1.6,0,0,0,0.0,0.0,3,11,0.1,0,0,0,0.0
245,Travis Homer,RB,SEA,1.5,1.5,1.5,0,0,0,0.0,0.0,3,12,0.1,0,0,0,0.0
246,Jonathan Williams,RB,WAS,1.5,1.5,1.5,0,0,0,0.0,0.0,2,8,0.1,0,0,0,0.0
247,Rico Dowdle,RB,DAL,1.4,1.4,1.4,0,0,0,0.0,0.0,2,9,0.1,0,0,0,0.0
248,Malik Davis,RB,DAL,1.4,1.4,1.4,0,0,0,0.0,0.0,2,9,0.1,0,0,0,0.0
249,Larry Rountree,RB,LAC,1.4,1.4,1.4,0,0,0,0.0,0.0,2,10,0.1,0,0,0,0.0
250,Jermar Jefferson,RB,DET,1.4,1.4,1.4,0,0,0,0.0,0.0,2,9,0.1,0,0,0,0.0
251,Aaron Shampklin,RB,DAL,1.4,1.4,1.4,0,0,0,0.0,0.0,2,9,0.1,0,0,0,0.0
252,Jake Bargas,RB,MIN,1.3,1.3,1.3,0,0,0,0.0,0.0,2,9,0.1,0,0,0,0.0
253,Snoop Conner,RB,JAC,1.3,1.3,1.3,0,0,0,0.0,0.0,2,9,0.1,0,0,0,0.0
254,Gary Brightwell,RB,NYG,1.3,1.3,1.3,0,0,0,0.0,0.0,2,10,0.1,0,0,0,0.0
255,Kevin Harris,RB,NE,1.2,1.2,1.2,0,0,0,0.0,0.0,2,8,0.1,0,0,0,0.0
256,Trestan Ebner,RB,CHI,1.2,1.2,1.2,0,0,0,0.0,0.0,2,8,0.1,0,0,0,0.0
257,John Kelly,RB,CLE,1.2,1.2,1.2,0,0,0,0.0,0.0,2,8,0.1,0,0,0,0.0
258,Nathan Cottrell,RB,JAC,1.2,1.2,1.2,0,0,0,0.0,0.0,3,12,0.0,0,0,0,0.0
259,Ty Chandler,RB,MIN,1.2,1.2,1.2,0,0,0,0.0,0.0,2,8,0.1,0,0,0,0.0
260,Bryant Koback,RB,MIN,1.2,1.2,1.2,0,0,0,0.0,0.0,2,8,0.1,0,0,0,0.0
261,De’Montre Tuggle,RB,CHI,1.2,1.2,1.2,0,0,0,0.0,0.0,2,8,0.1,0,0,0,0.0
262,Pierre Strong Jr.,RB,NE,1.2,1.2,1.2,0,0,0,0.0,0.0,2,8,0.1,0,0,0,0.0
263,Antonio Williams,RB,NYG,1.1,1.1,1.1,0,0,0,0.0,0.0,2,8,0.1,0,0,0,0.0
264,Xavier Jones,RB,LAR,1.1,1.1,1.1,0,0,0,0.0,0.0,2,7,0.1,0,0,0,0.0
265,Raymond Calais,RB,LAR,1.1,1.1,1.1,0,0,0,0.0,0.0,2,7,0.1,0,0,0,0.0
266,D’Vonte Price,RB,IND,1.1,1.1,1.1,0,0,0,0.0,0.0,2,7,0.1,0,0,0,0.0
267,Godwin Igwebuike,RB,DET,1.1,1.1,1.1,0,0,0,0.0,0.0,3,11,0.0,0,0,0,0.0
268,A.J. Rose Jr.,RB,LAR,1.1,1.1,1.1,0,0,0,0.0,0.0,2,7,0.1,0,0,0,0.0
269,Raheem Blackshear,RB,BUF,1.1,1.1,1.1,0,0,0,0.0,0.0,2,7,0.1,0,0,0,0.0
270,C.J. Verdell,RB,IND,1.1,1.1,1.1,0,0,0,0.0,0.0,2,7,0.1,0,0,0,0.0
271,Sandro Platzgummer,RB,NYG,1.1,1.1,1.1,0,0,0,0.0,0.0,2,8,0.1,0,0,0,0.0
272,Johnny Stanton,RB,CLE,1.1,1.1,1.1,0,0,0,0.0,0.0,2,7,0.1,0,0,0,0.0
273,Demetric Felton,RB,CLE,1.0,1.0,1.0,0,0,0,0.0,0.0,3,10,0.0,0,0,0,0.0
274,Julius Chestnut,RB,TEN,1.0,1.0,1.0,0,0,0,0.0,0.0,2,6,0.1,0,0,0,0.0
275,Jashaun Corbin,RB,NYG,1.0,1.0,1.0,0,0,0,0.0,0.0,2,7,0.1,0,0,0,0.0
276,Josh Johnson,RB,SEA,1.0,1.0,1.0,0,0,0,0.0,0.0,2,6,0.1,0,0,0,0.0
277,Salvon Ahmed,RB,MIA,1.0,1.0,1.0,0,0,0,0.0,0.0,2,10,0.0,0,0,0,0.0
278,Pooka Williams Jr.,RB,CIN,1.0,1.0,1.0,0,0,0,0.0,0.0,2,7,0.1,0,0,0,0.0
279,Greg Bell,RB,DET,1.0,1.0,1.0,0,0,0,0.0,0.0,2,6,0.1,0,0,0,0.0
280,Darwin Thompson,RB,SEA,1.0,1.0,1.0,0,0,0,0.0,0.0,2,7,0.1,0,0,0,0.0
281,Zonovan Knight,RB,NYJ,1.0,1.0,1.0,0,0,0,0.0,0.0,2,7,0.1,0,0,0,0.0
282,Trey Sermon,RB,SF,1.0,1.0,1.0,0,0,0,0.0,0.0,2,8,0.0,0,0,0,0.0
283,Jerome Ford,RB,CLE,0.9,0.9,0.9,0,0,0,0.0,0.0,2,5,0.1,0,0,0,0.0
284,Trenton Cannon,RB,TEN,0.9,0.9,0.9,0,0,0,0.0,0.0,2,9,0.0,0,0,0,0.0
285,Elijah Holyfield,RB,CIN,0.9,0.9,0.9,0,0,0,0.0,0.0,2,6,0.1,0,0,0,0.0
286,Malcolm Brown,RB,NO,0.9,0.9,0.9,0,0,0,0.0,0.0,1,6,0.1,0,0,0,0.0
287,Brittain Brown,RB,LV,0.9,0.9,0.9,0,0,0,0.0,0.0,2,6,0.1,0,0,0,0.0
288,Isiah Pacheco,RB,KC,0.9,0.9,0.9,0,0,0,0.0,0.0,2,6,0.1,0,0,0,0.0
289,Tayon Fleet-Davis,RB,KC,0.9,0.9,0.9,0,0,0,0.0,0.0,2,6,0.1,0,0,0,0.0
290,Jerrion Ealy,RB,KC,0.9,0.9,0.9,0,0,0,0.0,0.0,2,6,0.1,0,0,0,0.0
291,Shermari Jones,RB,CIN,0.9,0.9,0.9,0,0,0,0.0,0.0,2,6,0.1,0,0,0,0.0
292,ZaQuandre White,RB,MIA,0.8,0.8,0.8,0,0,0,0.0,0.0,1,5,0.1,0,0,0,0.0
293,Taiwan Jones,RB,BUF,0.8,0.8,0.8,0,0,0,0.0,0.0,1,5,0.0,0,0,0,0.0
294,Spencer Brown,RB,CAR,0.8,0.8,0.8,0,0,0,0.0,0.0,1,5,0.0,0,0,0,0.0
295,Gerrid Doaks,RB,MIA,0.8,0.8,0.8,0,0,0,0.0,0.0,1,5,0.1,0,0,0,0.0
296,T.J. Pledger,RB,ARI,0.7,0.7,0.7,0,0,0,0.0,0.0,1,6,0.0,0,0,0,0.0
297,Zander Horvath,RB,LAC,0.7,0.7,0.7,0,0,0,0.0,0.0,1,5,0.0,0,0,0,0.0
298,Ronnie Rivers,RB,ARI,0.7,0.7,0.7,0,0,0,0.0,0.0,1,5,0.0,0,0,0,0.0
299,Kevin Marks Jr.,RB,LAC,0.7,0.7,0.7,0,0,0,0.0,0.0,1,5,0.0,0,0,0,0.0
300,John Lovett,RB,CAR,0.7,0.7,0.7,0,0,0,0.0,0.0,1,5,0.0,0,0,0,0.0
301,Leddie Brown,RB,LAC,0.7,0.7,0.7,0,0,0,0.0,0.0,1,5,0.0,0,0,0,0.0
302,Jordan Wilkins,RB,TEN,0.7,0.7,0.7,0,0,0,0.0,0.0,1,5,0.0,0,0,0,0.0
303,Jonathan Ward,RB,ARI,0.7,0.7,0.7,0,0,0,0.0,0.0,2,7,0.0,0,0,0,0.0
304,Josh Hokit,RB,SF,0.6,0.6,0.6,0,0,0,0.0,0.0,1,4,0.0,0,0,0,0.0
305,Dwayne Washington,RB,NO,0.6,0.6,0.6,0,0,0,0.0,0.0,1,5,0.0,0,0,0,0.0
306,Jordan Mason,RB,SF,0.6,0.6,0.6,0,0,0,0.0,0.0,1,4,0.0,0,0,0,0.0
307,Devine Ozigbo,RB,NO,0.6,0.6,0.6,0,0,0,0.0,0.0,1,5,0.0,0,0,0,0.0
308,Darius Anderson,RB,HOU,0.6,0.6,0.6,0,0,0,0.0,0.0,1,4,0.0,0,0,0,0.0
309,Darius Bradwell,RB,CAR,0.5,0.5,0.5,0,0,0,0.0,0.0,1,3,0.0,0,0,0,0.0
310,Royce Freeman,RB,HOU,0.5,0.5,0.5,0,0,0,0.0,0.0,1,5,0.0,0,0,0,0.0
311,Abram Smith,RB,NO,0.4,0.4,0.4,0,0,0,0.0,0.0,1,3,0.0,0,0,0,0.0
312,Cooper Kupp,WR,LAR,247.4,310.2,373.0,0,0,0,0.0,0.0,3,20,0.1,177,126,1757,11.7
313,Justin Jefferson,WR,MIN,225.9,281.5,337.1,0,0,0,0.0,0.0,5,28,0.2,167,111,1673,9.3
314,Ja'Marr Chase,WR,CIN,211.9,259.1,306.3,0,0,0,0.0,0.0,7,40,0.3,142,94,1524,9.3
315,Deebo Samuel,WR,SF,198.8,241.3,283.9,0,0,0,0.0,0.0,34,213,1.4,125,85,1293,7.1
316,CeeDee Lamb,WR,DAL,193.7,245.8,297.9,0,0,0,0.0,0.0,9,59,0.4,157,104,1441,7.0
317,Tee Higgins,WR,CIN,181.6,230.0,278.4,0,0,0,0.0,0.0,0,0,0.0,148,97,1400,7.1
318,Michael Pittman Jr,WR,IND,180.8,231.3,281.8,0,0,0,0.0,0.0,5,32,0.2,152,101,1345,7.1
319,Davante Adams,WR,LV,179.6,235.1,290.6,0,0,0,0.0,0.0,0,0,0.0,157,111,1381,7.0
320,Stefon Diggs,WR,BUF,170.9,224.9,278.9,0,0,0,0.0,0.0,0,0,0.0,162,108,1273,7.4
321,D.J. Moore,WR,CAR,170.1,220.7,271.3,0,0,0,0.0,0.0,5,32,0.3,159,101,1282,6.4
322,Mike Williams,WR,LAC,165.1,204.4,243.8,0,0,0,0.0,0.0,0,0,0.0,123,79,1157,8.3
323,Keenan Allen,WR,LAC,161.3,214.5,267.8,0,0,0,0.0,0.0,0,0,0.0,160,107,1213,6.9
324,Tyreek Hill,WR,MIA,161.1,206.3,251.6,0,0,0,0.0,0.0,10,63,0.4,135,91,1050,8.0
325,Terry McLaurin,WR,WAS,155.3,199.2,243.2,0,0,0,0.0,0.0,1,7,0.0,136,88,1175,6.3
326,D.K. Metcalf,WR,SEA,152.7,200.5,248.4,0,0,0,0.0,0.0,0,0,0.0,147,96,1150,6.5
327,Brandin Cooks,WR,HOU,151.6,196.3,240.9,0,0,0,0.0,0.0,2,13,0.1,138,89,1105,6.6
328,Chris Godwin,WR,TB,145.8,186.4,227.1,0,0,0,0.0,0.0,4,25,0.2,119,81,1097,5.6
329,Darnell Mooney,WR,CHI,144.9,191.5,238.0,0,0,0,0.0,0.0,5,31,0.2,148,93,1060,6.0
330,Diontae Johnson,WR,PIT,144.8,196.0,247.3,0,0,0,0.0,0.0,4,28,0.2,162,103,1033,6.5
331,Mike Evans,WR,TB,143.4,177.9,212.3,0,0,0,0.0,0.0,1,6,0.0,109,69,970,7.7
332,A.J. Brown,WR,PHI,143.0,181.7,220.3,0,0,0,0.0,0.0,3,16,0.1,118,77,1033,6.4
333,Tyler Lockett,WR,SEA,142.5,184.5,226.6,0,0,0,0.0,0.0,0,0,0.0,128,84,1096,5.6
334,Allen Robinson II,WR,LAR,137.8,177.3,216.8,0,0,0,0.0,0.0,0,0,0.0,120,79,1047,5.6
335,Gabriel Davis,WR,BUF,136.2,167.0,197.8,0,0,0,0.0,0.0,0,0,0.0,101,62,933,7.3
336,Jaylen Waddle,WR,MIA,125.5,170.6,215.9,0,0,0,0.0,0.0,2,14,0.1,139,90,922,5.4
337,Jerry Jeudy,WR,DEN,124.3,160.6,196.8,0,0,0,0.0,0.0,2,12,0.1,118,73,968,4.6
338,Marquise Brown,WR,ARI,124.2,161.8,199.3,0,0,0,0.0,0.0,1,5,0.0,114,75,924,5.4
339,Kadarius Toney,WR,NYG,124.0,163.2,202.4,0,0,0,0.0,0.0,14,87,0.5,120,78,873,4.3
340,Elijah Moore,WR,NYJ,123.8,163.3,202.7,0,0,0,0.0,0.0,6,36,0.2,130,79,912,4.7
341,Chase Claypool,WR,PIT,123.1,160.3,197.5,0,0,0,0.0,0.0,10,61,0.6,121,74,901,4.2
342,Adam Thielen,WR,MIN,122.7,158.2,193.7,0,0,0,0.0,0.0,1,6,0.0,107,71,892,5.6
343,Amari Cooper,WR,CLE,121.5,157.8,194.1,0,0,0,0.0,0.0,0,0,0.0,110,73,921,5.1
344,Amon-Ra St. Brown,WR,DET,119.5,157.1,194.7,0,0,0,0.0,0.0,4,24,0.2,117,75,910,4.3
345,Juju Smith-Schuster,WR,KC,118.2,158.3,198.3,0,0,0,0.0,0.0,2,14,0.1,124,80,873,5.1
346,DeVonta Smith,WR,PHI,117.6,151.9,186.3,0,0,0,0.0,0.0,0,0,0.0,110,69,877,5.1
347,Tyler Boyd,WR,CIN,117.0,151.3,185.7,0,0,0,0.0,0.0,2,12,0.1,103,69,872,4.9
348,Christian Kirk,WR,JAC,116.2,152.9,189.6,0,0,0,0.0,0.0,1,6,0.0,114,73,876,4.7
349,Allen Lazard,WR,GB,114.9,145.0,175.1,0,0,0,0.0,0.0,3,19,0.2,97,60,796,5.5
350,Hunter Renfrow,WR,LV,113.6,148.6,183.6,0,0,0,0.0,0.0,2,13,0.1,103,70,811,5.3
351,Courtland Sutton,WR,DEN,113.5,148.1,182.8,0,0,0,0.0,0.0,0,0,0.0,107,69,864,4.6
352,Rondale Moore,WR,ARI,111.6,145.9,180.3,0,0,0,0.0,0.0,22,134,0.7,101,69,746,3.5
353,Treylon Burks,WR,TEN,110.8,142.4,173.9,0,0,0,0.0,0.0,0,0,0.0,105,63,769,5.7
354,Jamison Crowder,WR,BUF,110.5,143.8,177.0,0,0,0,0.0,0.0,0,0,0.0,100,66,827,4.8
355,Kenny Golladay,WR,NYG,108.8,141.1,173.5,0,0,0,0.0,0.0,0,0,0.0,103,65,833,4.3
356,Brandon Aiyuk,WR,SF,106.7,136.5,166.3,0,0,0,0.0,0.0,4,24,0.2,95,60,799,4.0
357,Chris Olave,WR,NO,106.3,136.6,167.0,0,0,0,0.0,0.0,0,0,0.0,101,61,738,5.5
358,Marquez Valdes-Scantling,WR,KC,105.8,133.0,160.2,0,0,0,0.0,0.0,0,0,0.0,93,54,766,5.0
359,Jahan Dotson,WR,WAS,104.9,134.9,164.9,0,0,0,0.0,0.0,0,0,0.0,100,60,730,5.4
360,Corey Davis,WR,NYJ,104.4,135.6,166.8,0,0,0,0.0,0.0,0,0,0.0,99,62,808,4.2
361,Julio Jones,WR,TB,104.0,132.1,160.2,0,0,0,0.0,0.0,0,0,0.0,84,56,812,3.9
362,Robby Anderson,WR,CAR,103.9,138.7,173.5,0,0,0,0.0,0.0,2,14,0.1,117,70,749,4.6
363,Drake London,WR,ATL,103.5,134.7,165.9,0,0,0,0.0,0.0,0,0,0.0,104,62,759,4.7
364,Donovan Peoples-Jones,WR,CLE,103.2,128.8,154.4,0,0,0,0.0,0.0,0,0,0.0,82,51,824,3.6
365,Rashod Bateman,WR,BAL,102.8,135.6,168.5,0,0,0,0.0,0.0,0,0,0.0,105,66,762,4.6
366,Russell Gage,WR,TB,101.9,133.4,164.8,0,0,0,0.0,0.0,0,0,0.0,98,63,779,4.2
367,Van Jefferson,WR,LAR,101.8,126.8,151.8,0,0,0,0.0,0.0,2,13,0.1,80,50,698,5.1
368,Marvin Jones,WR,JAC,99.1,129.9,160.8,0,0,0,0.0,0.0,0,0,0.0,98,62,722,4.5
369,Tim Patrick,WR,DEN,97.7,123.3,148.9,0,0,0,0.0,0.0,0,0,0.0,79,51,706,4.6
370,Jakobi Meyers,WR,NE,96.8,129.7,162.7,0,0,0,0.0,0.0,1,5,0.0,101,66,745,3.7
371,James Washington,WR,DAL,95.4,120.1,144.8,0,0,0,0.0,0.0,2,12,0.1,81,49,684,4.4
372,Nick Westbrook,WR,TEN,93.7,121.9,150.1,0,0,0,0.0,0.0,0,0,0.0,92,56,684,4.4
373,Jarvis Landry,WR,NO,93.6,122.5,151.4,0,0,0,0.0,0.0,4,26,0.1,89,58,658,4.2
374,Garrett Wilson,WR,NYJ,93.3,121.8,150.3,0,0,0,0.0,0.0,0,0,0.0,95,57,694,4.1
375,Mecole Hardman,WR,KC,92.9,117.3,141.7,0,0,0,0.0,0.0,5,31,0.3,76,49,647,4.0
376,K.J. Osborn,WR,MIN,92.0,117.1,142.1,0,0,0,0.0,0.0,1,6,0.0,80,50,626,4.8
377,D.J. Chark,WR,DET,91.4,117.8,144.3,0,0,0,0.0,0.0,0,0,0.0,86,53,689,3.9
378,Jalen Tolbert,WR,DAL,91.1,117.2,143.3,0,0,0,0.0,0.0,0,0,0.0,87,52,635,4.7
379,Randall Cobb,WR,GB,90.2,112.3,134.3,0,0,0,0.0,0.0,1,6,0.1,67,44,591,5.1
380,A.J. Green,WR,ARI,90.0,111.4,132.9,0,0,0,0.0,0.0,0,0,0.0,70,43,683,3.7
381,DeVante Parker,WR,NE,89.3,117.2,145.1,0,0,0,0.0,0.0,0,0,0.0,87,56,696,3.4
382,Nico Collins,WR,HOU,89.2,118.4,147.7,0,0,0,0.0,0.0,0,0,0.0,96,58,694,3.4
383,Sammy Watkins,WR,GB,87.2,114.3,141.3,0,0,0,0.0,0.0,0,0,0.0,85,54,678,3.4
384,Parris Campbell,WR,IND,81.5,107.5,133.5,0,0,0,0.0,0.0,0,0,0.0,82,52,620,3.4
385,Laviska Shenault Jr.,WR,JAC,79.9,106.3,132.7,0,0,0,0.0,0.0,9,55,0.4,82,53,567,2.7
386,Alec Pierce,WR,IND,78.0,100.5,123.1,0,0,0,0.0,0.0,0,0,0.0,75,45,549,3.9
387,DeAndre Hopkins,WR,ARI,75.7,96.4,117.1,0,0,0,0.0,0.0,0,0,0.0,61,41,561,3.4
388,Byron Pringle,WR,CHI,73.2,95.1,117.0,0,0,0,0.0,0.0,0,0,0.0,70,44,525,3.5
389,Olamide Zaccheaus,WR,ATL,72.6,95.1,117.7,0,0,0,0.0,0.0,1,7,0.0,75,45,550,2.8
390,Kendrick Bourne,WR,NE,72.4,89.5,106.7,0,0,0,0.0,0.0,5,32,0.2,52,34,505,3.0
391,Michael Thomas,WR,NO,72.3,93.5,114.7,0,0,0,0.0,0.0,0,0,0.0,63,42,513,3.6
392,Curtis Samuel,WR,WAS,71.0,90.0,109.0,0,0,0,0.0,0.0,11,68,0.4,57,38,456,2.7
393,Braxton Berrios,WR,NYJ,68.2,90.5,112.9,0,0,0,0.0,0.0,6,34,0.2,70,45,492,2.5
394,Jameson Williams,WR,DET,65.0,84.4,103.8,0,0,0,0.0,0.0,0,0,0.0,65,39,473,3.0
395,Isaiah McKenzie,WR,BUF,64.3,82.6,101.0,0,0,0,0.0,0.0,12,75,0.6,53,37,400,2.3
396,Wan’Dale Robinson,WR,NYG,63.0,81.7,100.4,0,0,0,0.0,0.0,0,0,0.0,62,37,455,3.0
397,Skyy Moore,WR,KC,62.5,80.1,97.6,0,0,0,0.0,0.0,0,0,0.0,58,35,427,3.4
398,Dez Fitzpatrick,WR,TEN,61.5,80.9,100.3,0,0,0,0.0,0.0,0,0,0.0,66,39,453,2.8
399,Kalif Raymond,WR,DET,59.3,75.2,91.1,0,0,0,0.0,0.0,3,17,0.1,52,32,431,2.3
400,Sterling Shepard,WR,NYG,58.6,78.6,98.6,0,0,0,0.0,0.0,1,3,0.0,61,40,428,2.6
401,Chris Conley,WR,HOU,55.2,71.6,88.0,0,0,0,0.0,0.0,0,0,0.0,54,33,428,2.2
402,Nelson Agholor,WR,NE,54.8,70.4,85.9,0,0,0,0.0,0.0,3,16,0.1,50,31,408,2.0
403,Devin Duvernay,WR,BAL,53.8,70.1,86.4,0,0,0,0.0,0.0,5,31,0.2,53,33,331,2.8
404,George Pickens,WR,PIT,53.1,69.1,85.2,0,0,0,0.0,0.0,0,0,0.0,54,32,391,2.4
405,Freddie Swain,WR,SEA,50.3,64.7,79.1,0,0,0,0.0,0.0,4,22,0.2,48,29,344,2.1
406,Zay Jones,WR,JAC,49.2,66.8,84.3,0,0,0,0.0,0.0,1,6,0.0,58,35,375,1.9
407,James Proche,WR,BAL,47.6,61.7,75.7,0,0,0,0.0,0.0,0,0,0.0,47,28,357,2.0
408,Amari Rodgers,WR,GB,47.1,59.6,72.0,0,0,0,0.0,0.0,9,57,0.5,41,25,298,1.6
409,Velus Jones Jr.,WR,CHI,42.9,55.3,67.6,0,0,0,0.0,0.0,0,0,0.0,41,25,300,2.2
410,Marquez Callaway,WR,NO,40.1,51.3,62.5,0,0,0,0.0,0.0,0,0,0.0,35,22,299,1.7
411,Tylan Wallace,WR,BAL,39.9,51.9,63.9,0,0,0,0.0,0.0,0,0,0.0,39,24,284,2.0
412,Cody Hollister,WR,TEN,39.5,51.3,63.1,0,0,0,0.0,0.0,0,0,0.0,38,24,282,1.9
413,Anthony Schwartz,WR,CLE,39.3,50.5,61.8,0,0,0,0.0,0.0,5,31,0.2,37,22,271,1.3
414,David Bell,WR,CLE,38.5,50.1,61.8,0,0,0,0.0,0.0,0,0,0.0,39,23,283,1.7
415,Equanimeous St. Brown,WR,CHI,37.9,50.0,62.2,0,0,0,0.0,0.0,3,15,0.1,41,24,260,1.7
416,D’Wayne Eskridge,WR,SEA,37.8,50.8,63.8,0,0,0,0.0,0.0,7,41,0.3,45,26,238,1.4
417,Terrace Marshall Jr.,WR,CAR,37.2,51.2,65.1,0,0,0,0.0,0.0,0,0,0.0,46,28,267,1.8
418,Christian Watson,WR,GB,36.0,46.5,56.9,0,0,0,0.0,0.0,0,0,0.0,35,21,254,1.8
419,Jakeem Grant,WR,CLE,35.6,44.9,54.3,0,0,0,0.0,0.0,7,41,0.3,29,19,221,1.3
420,Calvin Austin III,WR,PIT,33.8,44.1,54.3,0,0,0,0.0,0.0,0,0,0.0,34,20,249,1.5
421,DeAndre Carter,WR,LAC,33.6,42.6,51.6,0,0,0,0.0,0.0,4,24,0.1,28,18,235,1.2
422,Noah Brown,WR,DAL,32.8,43.5,54.1,0,0,0,0.0,0.0,0,0,0.0,34,21,258,1.2
423,Keelan Cole,WR,LV,31.4,39.8,48.2,0,0,0,0.0,0.0,0,0,0.0,26,17,239,1.3
424,Tre’Quan Smith,WR,NO,30.7,39.6,48.5,0,0,0,0.0,0.0,0,0,0.0,28,18,227,1.4
425,Josh Palmer,WR,LAC,28.7,36.7,44.8,0,0,0,0.0,0.0,1,6,0.0,26,16,185,1.6
426,Quez Watkins,WR,PHI,28.0,35.0,42.1,0,0,0,0.0,0.0,1,8,0.1,22,14,202,1.1
427,K.J. Hamler,WR,DEN,27.8,36.6,45.3,0,0,0,0.0,0.0,0,0,0.0,29,17,213,1.1
428,Jalen Guyton,WR,LAC,26.1,31.8,37.5,0,0,0,0.0,0.0,3,16,0.1,19,11,171,1.2
429,Demarcus Robinson,WR,LV,25.8,33.7,41.7,0,0,0,0.0,0.0,0,0,0.0,26,16,194,1.1
430,Tyquan Thornton,WR,NE,25.1,32.4,39.7,0,0,0,0.0,0.0,0,0,0.0,24,15,178,1.2
431,Darius Slayton,WR,NYG,25.0,32.9,40.9,0,0,0,0.0,0.0,1,5,0.0,27,16,186,1.0
432,Jalen Reagor,WR,PHI,24.5,31.7,39.0,0,0,0,0.0,0.0,3,19,0.1,24,15,158,1.0
433,Zach Pascal,WR,PHI,24.4,31.0,37.6,0,0,0,0.0,0.0,3,16,0.1,22,13,156,1.1
434,Ben Skowronek,WR,LAR,24.2,31.6,38.9,0,0,0,0.0,0.0,0,0,0.0,25,15,184,1.0
435,Jauan Jennings,WR,SF,23.7,31.4,39.0,0,0,0,0.0,0.0,0,0,0.0,26,15,166,1.2
436,Mack Hollins,WR,LV,22.2,28.0,33.8,0,0,0,0.0,0.0,0,0,0.0,19,12,152,1.2
437,Cam Sims,WR,WAS,21.4,26.6,31.7,0,0,0,0.0,0.0,1,7,0.0,16,10,143,1.1
438,Ray-Ray McCloud,WR,SF,21.2,29.5,37.7,0,0,0,0.0,0.0,2,10,0.1,27,16,145,0.9
439,Phillip Dorsett,WR,HOU,21.0,27.2,33.3,0,0,0,0.0,0.0,1,6,0.0,20,12,157,0.8
440,Preston Williams,WR,MIA,20.8,27.3,33.7,0,0,0,0.0,0.0,1,7,0.1,21,13,136,1.1
441,Bryan Edwards,WR,ATL,20.2,25.7,31.3,0,0,0,0.0,0.0,1,7,0.0,18,11,148,0.8
442,Trent Sherfield,WR,MIA,19.3,25.3,31.2,0,0,0,0.0,0.0,0,0,0.0,20,12,129,1.1
443,Damiere Byrd,WR,ATL,19.0,24.4,29.9,0,0,0,0.0,0.0,0,0,0.0,18,11,145,0.8
444,Rashard Higgins,WR,CAR,18.4,24.2,30.0,0,0,0,0.0,0.0,0,0,0.0,19,12,138,0.8
445,Chris Moore,WR,HOU,17.0,21.8,26.6,0,0,0,0.0,0.0,0,0,0.0,16,10,128,0.7
446,Malik Turner,WR,SF,16.8,21.2,25.7,0,0,0,0.0,0.0,0,0,0.0,14,9,105,1.1
447,Ashton Dulin,WR,IND,16.4,20.3,24.3,0,0,0,0.0,0.0,3,20,0.1,13,8,101,0.6
448,Lil’Jordan Humphrey,WR,NE,16.2,20.2,24.3,0,0,0,0.0,0.0,0,0,0.0,13,8,125,0.6
449,Romeo Doubs,WR,GB,14.2,18.4,22.6,0,0,0,0.0,0.0,0,0,0.0,14,8,101,0.7
450,Dyami Brown,WR,WAS,14.0,18.0,22.1,0,0,0,0.0,0.0,1,7,0.0,13,8,98,0.6
451,Marcus Johnson,WR,SF,14.0,18.0,21.9,0,0,0,0.0,0.0,2,10,0.1,14,8,95,0.5
452,Isaiah Ford,WR,IND,13.6,17.6,21.6,0,0,0,0.0,0.0,0,0,0.0,13,8,101,0.6
453,Auden Tate,WR,ATL,13.1,17.1,21.1,0,0,0,0.0,0.0,0,0,0.0,12,8,96,0.6
454,Khadarel Hodge,WR,ATL,12.8,16.6,20.4,0,0,0,0.0,0.0,0,0,0.0,13,8,97,0.5
455,Dezmon Patmon,WR,IND,12.6,16.5,20.4,0,0,0,0.0,0.0,0,0,0.0,13,8,96,0.5
456,Ty Montgomery,WR,NE,12.5,16.4,20.3,0,0,0,0.0,0.0,4,22,0.1,12,8,74,0.4
457,Mohamed Sanu,WR,MIA,12.3,16.5,20.7,0,0,0,0.0,0.0,0,0,0.0,13,8,88,0.6
458,Dax Milne,WR,WAS,11.8,15.6,19.5,0,0,0,0.0,0.0,0,0,0.0,13,8,91,0.5
459,Brandon Zylstra,WR,CAR,11.7,15.1,18.5,0,0,0,0.0,0.0,0,0,0.0,11,7,89,0.5
460,Erik Ezukanma,WR,MIA,11.4,14.6,17.8,0,0,0,0.0,0.0,0,0,0.0,11,6,78,0.6
461,Antoine Wesley,WR,ARI,11.2,14.6,18.0,0,0,0,0.0,0.0,0,0,0.0,11,7,77,0.6
462,Greg Ward Jr.,WR,PHI,10.4,13.5,16.5,0,0,0,0.0,0.0,0,0,0.0,10,6,67,0.6
463,Danny Gray,WR,SF,9.2,11.8,14.5,0,0,0,0.0,0.0,0,0,0.0,9,5,65,0.5
464,Brandon Smith,WR,DAL,8.2,10.3,12.4,0,0,0,0.0,0.0,0,0,0.0,7,4,58,0.4
465,T.J. Vasher,WR,DAL,8.2,10.3,12.4,0,0,0,0.0,0.0,0,0,0.0,7,4,58,0.4
466,Mike Thomas,WR,CIN,8.1,10.8,13.4,0,0,0,0.0,0.0,0,0,0.0,8,5,64,0.3
467,Cornell Powell,WR,KC,7.7,9.7,11.8,0,0,0,0.0,0.0,0,0,0.0,7,4,53,0.4
468,Dennis Houston,WR,DAL,7.5,9.6,11.7,0,0,0,0.0,0.0,0,0,0.0,7,4,52,0.4
469,Ty Fryfogle,WR,DAL,7.5,9.6,11.7,0,0,0,0.0,0.0,0,0,0.0,7,4,52,0.4
470,Dontario Drummond,WR,DAL,7.5,9.6,11.7,0,0,0,0.0,0.0,0,0,0.0,7,4,52,0.4
471,Anthony Miller,WR,PIT,7.3,10.0,12.7,0,0,0,0.0,0.0,0,0,0.0,9,5,55,0.3
472,Christian Blake,WR,ARI,7.1,9.4,11.6,0,0,0,0.0,0.0,0,0,0.0,7,5,52,0.3
473,Josh Gordon,WR,KC,7.1,9.3,11.4,0,0,0,0.0,0.0,0,0,0.0,7,4,48,0.4
474,Miles Boykin,WR,PIT,7.0,9.2,11.4,0,0,0,0.0,0.0,0,0,0.0,7,4,52,0.3
475,Albert Wilson,WR,MIN,6.3,7.4,8.5,0,0,0,0.0,0.0,4,22,0.2,4,2,26,0.1
476,J.J. Koski,WR,LAR,5.6,7.0,8.4,0,0,0,0.0,0.0,0,0,0.0,5,3,38,0.3
477,Stanley Morgan Jr.,WR,CIN,5.2,6.9,8.5,0,0,0,0.0,0.0,0,0,0.0,5,3,40,0.2
478,Josh Reynolds,WR,DET,5.1,6.6,8.1,0,0,0,0.0,0.0,0,0,0.0,5,3,38,0.2
479,Tyron Johnson,WR,LV,5.1,6.3,7.5,0,0,0,0.0,0.0,0,0,0.0,4,2,39,0.2
480,Landen Akers,WR,LAR,5.1,6.5,7.9,0,0,0,0.0,0.0,0,0,0.0,5,3,34,0.3
481,Lance McCutcheon,WR,LAR,5.1,6.5,7.9,0,0,0,0.0,0.0,0,0,0.0,5,3,34,0.3
482,Malik Taylor,WR,GB,4.9,6.4,7.9,0,0,0,0.0,0.0,0,0,0.0,5,3,36,0.2
483,Khalil Shakir,WR,BUF,4.7,6.0,7.3,0,0,0,0.0,0.0,0,0,0.0,4,3,32,0.2
484,Jamal Agnew,WR,JAC,4.6,6.2,7.8,0,0,0,0.0,0.0,1,4,0.0,5,3,31,0.2
485,Kabion Ento,WR,GB,4.5,5.7,7.0,0,0,0,0.0,0.0,0,0,0.0,4,2,32,0.2
486,Rico Gafford,WR,GB,4.5,5.6,6.8,0,0,0,0.0,0.0,0,0,0.0,4,2,32,0.2
487,Andre Roberts,WR,CAR,4.5,5.2,5.9,0,0,0,0.0,0.0,2,14,0.1,2,1,17,0.1
488,Jacob Harris,WR,LAR,4.5,5.6,6.7,0,0,0,0.0,0.0,0,0,0.0,4,2,31,0.2
489,Mike Strachan,WR,IND,4.5,5.9,7.4,0,0,0,0.0,0.0,0,0,0.0,5,3,35,0.2
490,Quintez Cephus,WR,DET,4.3,5.5,6.7,0,0,0,0.0,0.0,0,0,0.0,4,2,33,0.2
491,Samori Toure,WR,GB,4.2,5.5,6.7,0,0,0,0.0,0.0,0,0,0.0,4,2,30,0.2
492,Andy Isabella,WR,ARI,4.2,5.4,6.6,0,0,0,0.0,0.0,0,0,0.0,4,2,32,0.2
493,Isaiah Zuber,WR,LV,4.2,5.4,6.5,0,0,0,0.0,0.0,0,0,0.0,3,2,30,0.2
494,Tutu Atwell,WR,LAR,4.2,5.3,6.4,0,0,0,0.0,0.0,0,0,0.0,4,2,29,0.2
495,Danny Davis III,WR,GB,4.2,5.5,6.7,0,0,0,0.0,0.0,0,0,0.0,4,2,30,0.2
496,Trevon Clark,WR,BAL,4.2,5.3,6.4,0,0,0,0.0,0.0,0,0,0.0,4,2,27,0.2
497,Makai Polk,WR,BAL,4.2,5.3,6.4,0,0,0,0.0,0.0,0,0,0.0,4,2,27,0.2
498,Jordan Veasy,WR,LV,4.2,5.4,6.5,0,0,0,0.0,0.0,0,0,0.0,4,2,30,0.2
499,Raleigh Webb,WR,BAL,4.2,5.3,6.4,0,0,0,0.0,0.0,0,0,0.0,4,2,27,0.2
500,Juwann Winfree,WR,GB,4.2,5.7,7.1,0,0,0,0.0,0.0,0,0,0.0,5,3,33,0.2
501,Slade Bolden,WR,BAL,4.2,5.3,6.4,0,0,0,0.0,0.0,0,0,0.0,4,2,27,0.2
502,Cameron Batson,WR,ATL,4.2,5.0,5.8,0,0,0,0.0,0.0,2,13,0.1,3,2,17,0.1
503,Devon Williams,WR,BAL,4.1,5.2,6.3,0,0,0,0.0,0.0,0,0,0.0,4,2,27,0.2
504,Laquon Treadwell,WR,JAC,4.0,5.2,6.5,0,0,0,0.0,0.0,0,0,0.0,4,3,31,0.1
505,Jaylon Moore,WR,BAL,4.0,5.1,6.2,0,0,0,0.0,0.0,0,0,0.0,4,2,26,0.2
506,DeVonte Dedmon,WR,MIA,3.9,5.0,6.1,0,0,0,0.0,0.0,0,0,0.0,4,2,27,0.2
507,Ben Victor,WR,BAL,3.9,5.0,6.1,0,0,0,0.0,0.0,0,0,0.0,4,2,25,0.2
508,Braylon Sanders,WR,MIA,3.9,5.0,6.1,0,0,0,0.0,0.0,0,0,0.0,4,2,27,0.2
509,River Cracraft,WR,MIA,3.8,4.9,6.0,0,0,0,0.0,0.0,0,0,0.0,4,2,26,0.2
510,Isaiah Weston,WR,CLE,3.8,5.0,6.1,0,0,0,0.0,0.0,0,0,0.0,4,2,28,0.2
511,Mike Harley Jr.,WR,CLE,3.8,5.0,6.1,0,0,0,0.0,0.0,0,0,0.0,4,2,28,0.2
512,Mike Woods,WR,CLE,3.8,5.0,6.1,0,0,0,0.0,0.0,0,0,0.0,4,2,28,0.2
513,Travell Harris,WR,CLE,3.8,5.0,6.1,0,0,0,0.0,0.0,0,0,0.0,4,2,28,0.2
514,D.J. Turner,WR,LV,3.8,4.8,5.8,0,0,0,0.0,0.0,0,0,0.0,3,2,27,0.2
515,Lynn Bowden,WR,MIA,3.7,4.9,6.0,0,0,0,0.0,0.0,0,0,0.0,4,2,25,0.2
516,Javon Wims,WR,CLE,3.7,4.7,5.8,0,0,0,0.0,0.0,0,0,0.0,4,2,27,0.2
517,Joe Reed,WR,LAC,3.7,4.8,5.8,0,0,0,0.0,0.0,0,0,0.0,3,2,26,0.2
518,Mason Kinsey,WR,TEN,3.7,4.7,5.8,0,0,0,0.0,0.0,0,0,0.0,3,2,26,0.2
519,Justin Hall,WR,LV,3.6,4.6,5.6,0,0,0,0.0,0.0,0,0,0.0,3,2,25,0.2
520,Ihmir Smith-Marsette,WR,MIN,3.6,4.4,5.3,0,0,0,0.0,0.0,0,0,0.0,3,2,26,0.2
521,Warren Jackson,WR,LAR,3.5,4.4,5.2,0,0,0,0.0,0.0,0,0,0.0,3,2,24,0.2
522,Trevon Bradford,WR,LAC,3.5,4.5,5.5,0,0,0,0.0,0.0,0,0,0.0,3,2,24,0.2
523,Travis Fulgham,WR,DEN,3.5,4.5,5.5,0,0,0,0.0,0.0,0,0,0.0,3,2,26,0.2
524,Michael Bandy,WR,LAC,3.5,4.5,5.5,0,0,0,0.0,0.0,0,0,0.0,3,2,24,0.2
525,Shi Smith,WR,CAR,3.4,4.2,5.0,0,0,0,0.0,0.0,1,5,0.0,3,2,21,0.1
526,Tre Nixon,WR,NE,3.4,4.5,5.5,0,0,0,0.0,0.0,0,0,0.0,3,2,25,0.2
527,Frank Darby,WR,ATL,3.4,4.5,5.6,0,0,0,0.0,0.0,0,0,0.0,4,2,26,0.1
528,Kelvin Harmon,WR,WAS,3.4,4.3,5.2,0,0,0,0.0,0.0,0,0,0.0,3,2,24,0.2
529,Austin Mack,WR,SF,3.3,4.2,5.2,0,0,0,0.0,0.0,0,0,0.0,3,2,23,0.2
530,Tay Martin,WR,SF,3.2,4.1,5.0,0,0,0,0.0,0.0,0,0,0.0,3,2,22,0.2
531,Ja’Marcus Bradley,WR,CLE,3.2,4.1,5.0,0,0,0,0.0,0.0,0,0,0.0,3,2,24,0.1
532,Davion Davis,WR,HOU,3.2,4.4,5.5,0,0,0,0.0,0.0,0,0,0.0,4,2,26,0.1
533,Taysir Mack,WR,SF,3.2,4.1,5.0,0,0,0,0.0,0.0,0,0,0.0,3,2,22,0.2
534,Alex Erickson,WR,WAS,3.2,4.2,5.2,0,0,0,0.0,0.0,0,0,0.0,3,2,24,0.1
535,Jason Moore Jr.,WR,LAC,3.1,3.9,4.7,0,0,0,0.0,0.0,0,0,0.0,3,2,23,0.1
536,Jequez Ezzard,WR,WAS,3.1,4.0,4.9,0,0,0,0.0,0.0,0,0,0.0,3,2,21,0.2
537,Kyric McGowan,WR,WAS,3.1,4.0,4.9,0,0,0,0.0,0.0,0,0,0.0,3,2,21,0.2
538,Marquise Goodwin,WR,SEA,3.0,3.4,3.9,0,0,0,0.0,0.0,2,10,0.1,2,1,12,0.1
539,David Moore,WR,CHI,3.0,4.0,4.9,0,0,0,0.0,0.0,0,0,0.0,3,2,22,0.1
540,Marken Michel,WR,WAS,3.0,3.9,4.8,0,0,0,0.0,0.0,0,0,0.0,3,2,21,0.2
541,Deon Cain,WR,PHI,2.9,3.8,4.6,0,0,0,0.0,0.0,0,0,0.0,3,2,20,0.2
542,Keric Wheatfall,WR,PHI,2.9,3.7,4.6,0,0,0,0.0,0.0,0,0,0.0,3,2,20,0.2
543,Devon Allen,WR,PHI,2.9,3.7,4.6,0,0,0,0.0,0.0,0,0,0.0,3,2,20,0.2
544,Britain Covey,WR,PHI,2.9,3.7,4.6,0,0,0,0.0,0.0,0,0,0.0,3,2,20,0.2
545,Kirk Merritt,WR,NO,2.9,3.8,4.7,0,0,0,0.0,0.0,0,0,0.0,3,2,21,0.1
546,Maurice Ffrench,WR,LAC,2.8,3.3,3.8,0,0,0,0.0,0.0,1,6,0.0,2,1,14,0.1
547,Geronimo Allison,WR,ATL,2.8,3.8,4.8,0,0,0,0.0,0.0,0,0,0.0,3,2,21,0.1
548,John Hurst,WR,IND,2.8,3.6,4.4,0,0,0,0.0,0.0,0,0,0.0,3,2,20,0.1
549,KeeSean Johnson,WR,SF,2.8,3.7,4.6,0,0,0,0.0,0.0,0,0,0.0,3,2,19,0.1
550,Gary Jennings,WR,KC,2.8,3.5,4.3,0,0,0,0.0,0.0,0,0,0.0,2,2,19,0.1
551,Olabisi Johnson,WR,MIN,2.7,3.4,4.2,0,0,0,0.0,0.0,0,0,0.0,2,1,19,0.1
552,Simi Fehoko,WR,DAL,2.7,3.5,4.2,0,0,0,0.0,0.0,0,0,0.0,2,1,19,0.1
553,Michael Young Jr.,WR,IND,2.7,3.4,4.2,0,0,0,0.0,0.0,0,0,0.0,3,2,19,0.1
554,DeMichael Harris,WR,IND,2.7,3.4,4.2,0,0,0,0.0,0.0,0,0,0.0,3,2,19,0.1
555,Gunner Olszewski,WR,PIT,2.7,3.3,3.9,0,0,0,0.0,0.0,1,6,0.1,2,1,14,0.1
556,Samson Nacua,WR,IND,2.7,3.4,4.2,0,0,0,0.0,0.0,0,0,0.0,3,2,19,0.1
557,Ethan Fernea,WR,IND,2.7,3.4,4.2,0,0,0,0.0,0.0,0,0,0.0,3,2,19,0.1
558,Jake Kumerow,WR,BUF,2.7,3.5,4.2,0,0,0,0.0,0.0,0,0,0.0,3,2,20,0.1
559,Kendric Pryor,WR,CIN,2.6,3.3,4.1,0,0,0,0.0,0.0,0,0,0.0,2,2,18,0.1
560,Omar Bayless,WR,KC,2.6,3.4,4.1,0,0,0,0.0,0.0,0,0,0.0,2,1,18,0.1
561,Aaron Parker,WR,KC,2.6,3.4,4.1,0,0,0,0.0,0.0,0,0,0.0,2,1,18,0.1
562,Jack Sorenson,WR,CIN,2.6,3.3,4.1,0,0,0,0.0,0.0,0,0,0.0,2,2,18,0.1
563,Jaivon Heiligh,WR,CIN,2.6,3.3,4.1,0,0,0,0.0,0.0,0,0,0.0,2,2,18,0.1
564,Justin Watson,WR,KC,2.6,3.3,4.1,0,0,0,0.0,0.0,0,0,0.0,2,1,18,0.1
565,Kwamie Lassiter II,WR,CIN,2.6,3.3,4.1,0,0,0,0.0,0.0,0,0,0.0,2,2,18,0.1
566,Corey Coleman,WR,KC,2.6,3.4,4.1,0,0,0,0.0,0.0,0,0,0.0,2,1,18,0.1
567,Jontre Kirklin,WR,ARI,2.5,3.2,3.9,0,0,0,0.0,0.0,0,0,0.0,2,1,17,0.1
568,Easop Winston Jr.,WR,NO,2.5,3.2,3.9,0,0,0,0.0,0.0,0,0,0.0,2,1,18,0.1
569,Victor Bolden,WR,ARI,2.5,3.2,3.9,0,0,0,0.0,0.0,0,0,0.0,2,1,17,0.1
570,Kristian Wilkerson,WR,NE,2.5,3.3,4.2,0,0,0,0.0,0.0,0,0,0.0,3,2,19,0.1
571,Andre Baccellia,WR,ARI,2.5,3.2,3.9,0,0,0,0.0,0.0,0,0,0.0,2,1,17,0.1
572,Drew Estrada,WR,HOU,2.5,3.3,4.1,0,0,0,0.0,0.0,0,0,0.0,3,2,19,0.1
573,Johnny Johnson III,WR,HOU,2.5,3.3,4.1,0,0,0,0.0,0.0,0,0,0.0,3,2,19,0.1
574,Kevin White,WR,NO,2.5,3.2,3.9,0,0,0,0.0,0.0,0,0,0.0,2,1,19,0.1
575,JaVonta Payton,WR,ARI,2.5,3.2,3.9,0,0,0,0.0,0.0,0,0,0.0,2,1,17,0.1
576,Jalen Camp,WR,HOU,2.5,3.3,4.1,0,0,0,0.0,0.0,0,0,0.0,3,2,19,0.1
577,Jalen Nailor,WR,MIN,2.5,3.1,3.8,0,0,0,0.0,0.0,0,0,0.0,2,1,17,0.1
578,Chad Beebe,WR,HOU,2.5,3.3,4.1,0,0,0,0.0,0.0,0,0,0.0,3,2,19,0.1
579,Connor Wedington,WR,HOU,2.5,3.3,4.1,0,0,0,0.0,0.0,0,0,0.0,3,2,19,0.1
580,Tajae Sharpe,WR,CHI,2.4,3.3,4.2,0,0,0,0.0,0.0,0,0,0.0,3,2,17,0.1
581,Andrew Parchment,WR,CAR,2.3,2.9,3.5,0,0,0,0.0,0.0,0,0,0.0,2,1,16,0.1
582,Derek Wright,WR,CAR,2.3,2.9,3.5,0,0,0,0.0,0.0,0,0,0.0,2,1,16,0.1
583,Tyshaun James,WR,ATL,2.3,3.0,3.7,0,0,0,0.0,0.0,0,0,0.0,2,1,17,0.1
584,C.J. Saunders,WR,CAR,2.3,2.9,3.5,0,0,0,0.0,0.0,0,0,0.0,2,1,16,0.1
585,Jared Bernhardt,WR,ATL,2.3,3.0,3.7,0,0,0,0.0,0.0,0,0,0.0,2,1,17,0.1
586,Ra’Shaun Henry,WR,CAR,2.3,2.9,3.5,0,0,0,0.0,0.0,0,0,0.0,2,1,16,0.1
587,Stanley Berryhill III,WR,ATL,2.3,3.0,3.7,0,0,0,0.0,0.0,0,0,0.0,2,1,17,0.1
588,Charleston Rambo,WR,CAR,2.3,2.9,3.5,0,0,0,0.0,0.0,0,0,0.0,2,1,16,0.1
589,N’Keal Harry,WR,CHI,2.2,3.1,4.0,0,0,0,0.0,0.0,0,0,0.0,3,2,17,0.1
590,Dillon Stoner,WR,LV,2.2,2.8,3.4,0,0,0,0.0,0.0,0,0,0.0,2,1,15,0.1
591,Keke Coutee,WR,IND,2.1,2.8,3.4,0,0,0,0.0,0.0,0,0,0.0,2,1,16,0.1
592,Jeff Smith,WR,NYJ,2.1,2.5,3.0,0,0,0,0.0,0.0,1,6,0.0,2,1,10,0.0
593,Dazz Newsome,WR,CHI,2.1,2.8,3.5,0,0,0,0.0,0.0,0,0,0.0,2,1,16,0.1
594,Trenton Irwin,WR,CIN,2.1,2.7,3.4,0,0,0,0.0,0.0,0,0,0.0,2,1,16,0.1
595,Denzel Mims,WR,NYJ,2.0,2.6,3.3,0,0,0,0.0,0.0,0,0,0.0,2,1,15,0.1
596,C.J. Board,WR,NYG,2.0,2.4,2.8,0,0,0,0.0,0.0,1,5,0.0,1,1,10,0.1
597,Kawaan Baker,WR,NO,1.9,2.4,2.9,0,0,0,0.0,0.0,0,0,0.0,2,1,13,0.1
598,Dai’Jean Dixon,WR,NO,1.9,2.4,2.9,0,0,0,0.0,0.0,0,0,0.0,2,1,13,0.1
599,Steven Sims,WR,PIT,1.8,2.3,2.8,0,0,0,0.0,0.0,0,0,0.0,2,1,13,0.1
600,Tyler Snead,WR,PIT,1.8,2.3,2.8,0,0,0,0.0,0.0,0,0,0.0,2,1,13,0.1
601,John Hightower,WR,PHI,1.8,2.2,2.6,0,0,0,0.0,0.0,0,0,0.0,2,1,13,0.1
602,Rashid Shaheed,WR,NO,1.8,2.2,2.7,0,0,0,0.0,0.0,0,0,0.0,2,1,12,0.1
603,Tyler Vaughns,WR,PIT,1.8,2.3,2.8,0,0,0,0.0,0.0,0,0,0.0,2,1,13,0.1
604,Greg Dortch,WR,ARI,1.7,2.3,2.8,0,0,0,0.0,0.0,0,0,0.0,2,1,13,0.1
605,Trinity Benson,WR,DET,1.7,2.3,3.0,0,0,0,0.0,0.0,0,0,0.0,2,1,14,0.1
606,Marcus Kemp,WR,NYG,1.6,2.1,2.6,0,0,0,0.0,0.0,0,0,0.0,2,1,12,0.1
607,Brandon Powell,WR,LAR,1.6,2.0,2.5,0,0,0,0.0,0.0,0,0,0.0,1,1,10,0.1
608,Josh Malone,WR,TEN,1.6,2.0,2.5,0,0,0,0.0,0.0,0,0,0.0,1,1,11,0.1
609,Neil Pau’u,WR,BUF,1.6,2.0,2.4,0,0,0,0.0,0.0,0,0,0.0,1,1,11,0.1
610,Tom Kennedy,WR,DET,1.6,2.2,2.7,0,0,0,0.0,0.0,0,0,0.0,2,1,13,0.1
611,Juwan Green,WR,TEN,1.6,2.0,2.4,0,0,0,0.0,0.0,0,0,0.0,1,1,11,0.1
612,Tanner Gentry,WR,BUF,1.6,2.1,2.5,0,0,0,0.0,0.0,0,0,0.0,1,1,11,0.1
613,Robert Foster,WR,NYG,1.6,2.0,2.4,0,0,0,0.0,0.0,0,0,0.0,1,1,11,0.1
614,Cody White,WR,PIT,1.5,2.0,2.5,0,0,0,0.0,0.0,0,0,0.0,2,1,11,0.1
615,Richie James,WR,NYG,1.5,1.9,2.3,0,0,0,0.0,0.0,0,0,0.0,1,1,10,0.1
616,Keelan Doss,WR,NYG,1.5,2.0,2.4,0,0,0,0.0,0.0,0,0,0.0,1,1,11,0.1
617,Reggie Roberson Jr.,WR,TEN,1.5,2.0,2.4,0,0,0,0.0,0.0,0,0,0.0,1,1,10,0.1
618,Kyle Philips,WR,TEN,1.5,2.0,2.4,0,0,0,0.0,0.0,0,0,0.0,1,1,10,0.1
619,Matthew Slater,WR,NE,1.5,2.0,2.4,0,0,0,0.0,0.0,0,0,0.0,1,1,11,0.1
620,Brandon Lewis,WR,TEN,1.5,2.0,2.4,0,0,0,0.0,0.0,0,0,0.0,1,1,10,0.1
621,Alex Bachman,WR,NYG,1.4,1.9,2.3,0,0,0,0.0,0.0,0,0,0.0,1,1,10,0.1
622,Collin Johnson,WR,NYG,1.4,1.9,2.4,0,0,0,0.0,0.0,0,0,0.0,2,1,11,0.1
623,Austin Proehl,WR,NYG,1.4,1.9,2.3,0,0,0,0.0,0.0,0,0,0.0,1,1,10,0.1
624,Isaiah Hodgins,WR,BUF,1.4,1.8,2.2,0,0,0,0.0,0.0,0,0,0.0,1,1,10,0.1
625,Racey McMath,WR,TEN,1.2,1.6,2.0,0,0,0,0.0,0.0,0,0,0.0,1,1,9,0.1
626,Breshad Perriman,WR,TB,1.2,1.4,1.5,0,0,0,0.0,0.0,1,3,0.0,1,0,6,0.0
627,Cyril Grayson,WR,TB,1.2,1.3,1.5,0,0,0,0.0,0.0,1,3,0.0,1,0,5,0.0
628,Daurice Fountain,WR,KC,1.2,1.5,1.9,0,0,0,0.0,0.0,0,0,0.0,1,1,8,0.1
629,Bo Melton,WR,SEA,1.1,1.4,1.7,0,0,0,0.0,0.0,0,0,0.0,1,1,8,0.0
630,Kaden Davis,WR,DEN,1.0,1.3,1.6,0,0,0,0.0,0.0,0,0,0.0,1,1,7,0.0
631,Tyreik McAllister,WR,DEN,1.0,1.3,1.6,0,0,0,0.0,0.0,0,0,0.0,1,1,7,0.0
632,Kendall Hinton,WR,DEN,1.0,1.3,1.6,0,0,0,0.0,0.0,0,0,0.0,1,1,8,0.0
633,Seth Williams,WR,DEN,1.0,1.3,1.6,0,0,0,0.0,0.0,0,0,0.0,1,1,8,0.0
634,Trey Quinn,WR,DEN,1.0,1.3,1.6,0,0,0,0.0,0.0,0,0,0.0,1,1,7,0.0
635,David Sills V,WR,NYG,1.0,1.3,1.7,0,0,0,0.0,0.0,0,0,0.0,1,1,8,0.0
636,Brandon Johnson,WR,DEN,1.0,1.3,1.6,0,0,0,0.0,0.0,0,0,0.0,1,1,7,0.0
637,Jalen Virgil,WR,DEN,1.0,1.3,1.6,0,0,0,0.0,0.0,0,0,0.0,1,1,7,0.0
638,Montrell Washington,WR,DEN,1.0,1.3,1.6,0,0,0,0.0,0.0,0,0,0.0,1,1,7,0.0
639,Penny Hart,WR,SEA,0.9,1.3,1.6,0,0,0,0.0,0.0,0,0,0.0,1,1,7,0.0
640,Corey Sutton,WR,DET,0.8,0.9,1.2,0,0,0,0.0,0.0,0,0,0.0,1,0,5,0.0
641,Kalil Pimpleton,WR,DET,0.8,0.9,1.2,0,0,0,0.0,0.0,0,0,0.0,1,0,5,0.0
642,Tyrie Cleveland,WR,DEN,0.8,1.0,1.3,0,0,0,0.0,0.0,0,0,0.0,1,0,6,0.0
643,Marvin Hall,WR,JAC,0.8,1.0,1.2,0,0,0,0.0,0.0,0,0,0.0,1,0,6,0.0
644,Josh Johnson,WR,DET,0.8,0.9,1.2,0,0,0,0.0,0.0,0,0,0.0,1,0,5,0.0
645,Marquez Stevenson,WR,BUF,0.7,0.9,1.1,0,0,0,0.0,0.0,0,0,0.0,1,0,5,0.0
646,Willie Johnson,WR,JAC,0.7,0.9,1.1,0,0,0,0.0,0.0,0,0,0.0,1,0,5,0.0
647,Kevin Austin Jr.,WR,JAC,0.7,0.9,1.1,0,0,0,0.0,0.0,0,0,0.0,1,0,5,0.0
648,Lujuan Winningham,WR,JAC,0.7,0.9,1.1,0,0,0,0.0,0.0,0,0,0.0,1,0,5,0.0
649,Ryan McDaniel,WR,JAC,0.7,0.9,1.1,0,0,0,0.0,0.0,0,0,0.0,1,0,5,0.0
650,Dante Pettis,WR,CHI,0.7,0.9,1.2,0,0,0,0.0,0.0,0,0,0.0,1,0,5,0.0
651,Tim Jones,WR,JAC,0.7,0.9,1.1,0,0,0,0.0,0.0,0,0,0.0,1,0,5,0.0
652,Thomas Hennigan,WR,MIN,0.6,0.7,0.9,0,0,0,0.0,0.0,0,0,0.0,1,0,4,0.0
653,Trishton Jackson,WR,MIN,0.6,0.8,0.9,0,0,0,0.0,0.0,0,0,0.0,1,0,4,0.0
654,Blake Proehl,WR,MIN,0.6,0.8,0.9,0,0,0,0.0,0.0,0,0,0.0,1,0,4,0.0
655,Kevin Shaa,WR,CHI,0.6,0.8,1.0,0,0,0,0.0,0.0,0,0,0.0,1,0,5,0.0
656,Scott Miller,WR,TB,0.6,0.7,0.9,0,0,0,0.0,0.0,0,0,0.0,1,0,5,0.0
657,Chris Finke,WR,CHI,0.6,0.8,1.0,0,0,0,0.0,0.0,0,0,0.0,1,0,4,0.0
658,Isaiah Coulter,WR,CHI,0.5,0.7,0.9,0,0,0,0.0,0.0,0,0,0.0,1,0,4,0.0
659,Calvin Jackson,WR,NYJ,0.5,0.6,0.8,0,0,0,0.0,0.0,0,0,0.0,1,0,3,0.0
660,Irvin Charles,WR,NYJ,0.5,0.6,0.8,0,0,0,0.0,0.0,0,0,0.0,1,0,3,0.0
661,Trent Taylor,WR,CIN,0.5,0.7,0.9,0,0,0,0.0,0.0,0,0,0.0,1,0,4,0.0
662,Keshunn Abram,WR,NYJ,0.5,0.6,0.8,0,0,0,0.0,0.0,0,0,0.0,1,0,3,0.0
663,Jaelon Darden,WR,TB,0.5,0.6,0.7,0,0,0,0.0,0.0,0,2,0.0,0,0,2,0.0
664,Tyler Johnson,WR,TB,0.5,0.7,0.9,0,0,0,0.0,0.0,0,0,0.0,1,0,5,0.0
665,Rashard Davis,WR,NYJ,0.5,0.6,0.8,0,0,0,0.0,0.0,0,0,0.0,1,0,3,0.0
666,Justyn Ross,WR,KC,0.4,0.6,0.7,0,0,0,0.0,0.0,0,0,0.0,0,0,3,0.0
667,Tarik Black,WR,NYJ,0.4,0.5,0.6,0,0,0,0.0,0.0,0,0,0.0,1,0,3,0.0
668,Dareke Young,WR,SEA,0.3,0.5,0.6,0,0,0,0.0,0.0,0,0,0.0,0,0,3,0.0
669,Dan Chisena,WR,MIN,0.3,0.4,0.5,0,0,0,0.0,0.0,0,0,0.0,0,0,2,0.0
670,Cody Thompson,WR,SEA,0.3,0.3,0.3,0,0,0,0.0,0.0,0,0,0.0,0,0,2,0.0
671,Kevin Kassis,WR,SEA,0.3,0.5,0.6,0,0,0,0.0,0.0,0,0,0.0,0,0,3,0.0
672,Aaron Fuller,WR,SEA,0.3,0.5,0.6,0,0,0,0.0,0.0,0,0,0.0,0,0,3,0.0
673,Deontez Alexander,WR,SEA,0.3,0.5,0.6,0,0,0,0.0,0.0,0,0,0.0,0,0,3,0.0
674,Cade Johnson,WR,SEA,0.3,0.5,0.6,0,0,0,0.0,0.0,0,0,0.0,0,0,3,0.0
675,Deven Thompkins,WR,TB,0.2,0.3,0.3,0,0,0,0.0,0.0,0,0,0.0,0,0,1,0.0
676,Jeff Cotton,WR,JAC,0.2,0.4,0.4,0,0,0,0.0,0.0,0,0,0.0,0,0,2,0.0
677,Kaylon Geiger,WR,TB,0.2,0.3,0.3,0,0,0,0.0,0.0,0,0,0.0,0,0,1,0.0
678,Jerreth Sterns,WR,TB,0.2,0.3,0.3,0,0,0,0.0,0.0,0,0,0.0,0,0,1,0.0
679,Nsimba Webster,WR,CHI,0.2,0.3,0.4,0,0,0,0.0,0.0,0,0,0.0,0,0,1,0.0
680,Vyncint Smith,WR,TB,0.2,0.3,0.4,0,0,0,0.0,0.0,0,0,0.0,0,0,2,0.0
681,Kameron Brown,WR,TB,0.2,0.3,0.3,0,0,0,0.0,0.0,0,0,0.0,0,0,1,0.0
682,Travis Kelce,TE,KC,176.4,228.3,280.2,0,0,0,0.0,0.0,1,3,0.0,142,104,1252,8.7
683,Mark Andrews,TE,BAL,164.5,212.9,261.2,0,0,0,0.0,0.0,0,0,0.0,136,97,1165,8.2
684,George Kittle,TE,SF,138.6,180.2,221.7,0,0,0,0.0,0.0,2,7,0.1,111,83,1019,6.2
685,Dalton Schultz,TE,DAL,124.1,167.5,210.9,0,0,0,0.0,0.0,0,0,0.0,114,87,885,6.0
686,Kyle Pitts,TE,ATL,124.0,161.3,198.5,0,0,0,0.0,0.0,0,0,0.0,119,75,965,4.7
687,Darren Waller,TE,LV,119.7,158.1,196.6,0,0,0,0.0,0.0,0,0,0.0,112,77,873,5.5
688,Dallas Goedert,TE,PHI,118.6,154.7,190.8,0,0,0,0.0,0.0,0,0,0.0,96,72,870,5.5
689,T.J. Hockenson,TE,DET,109.2,148.5,187.9,0,0,0,0.0,0.0,0,0,0.0,115,79,795,5.0
690,Zach Ertz,TE,ARI,105.3,139.7,174.1,0,0,0,0.0,0.0,1,3,0.0,106,69,719,5.6
691,Dawson Knox,TE,BUF,99.6,127.1,154.6,0,0,0,0.0,0.0,0,0,0.0,85,55,646,6.0
692,David Njoku,TE,CLE,97.2,125.5,153.9,0,0,0,0.0,0.0,1,4,0.0,81,57,688,4.7
693,Noah Fant,TE,SEA,92.8,127.3,161.8,0,0,0,0.0,0.0,0,0,0.0,96,69,710,3.7
694,Austin Hooper,TE,TEN,92.7,122.8,152.9,0,0,0,0.0,0.0,0,0,0.0,92,60,628,5.0
695,Tyler Higbee,TE,LAR,90.9,122.1,153.2,0,0,0,0.0,0.0,0,0,0.0,86,62,632,4.7
696,Albert Okwuegbunam,TE,DEN,90.8,120.7,150.7,0,0,0,0.0,0.0,0,0,0.0,78,60,654,4.4
697,Cole Kmet,TE,CHI,90.4,122.3,154.3,0,0,0,0.0,0.0,1,3,0.0,103,64,658,4.2
698,Hunter Henry,TE,NE,90.2,116.9,143.6,0,0,0,0.0,0.0,0,0,0.0,82,53,604,5.0
699,Gerald Everett,TE,LAC,90.2,118.8,147.5,0,0,0,0.0,0.0,3,11,0.1,82,57,590,5.1
700,Irv Smith Jr.,TE,MIN,87.9,117.4,146.9,0,0,0,0.0,0.0,0,0,0.0,81,59,653,3.9
701,Mike Gesicki,TE,MIA,82.5,107.9,133.3,0,0,0,0.0,0.0,0,0,0.0,79,51,594,3.9
702,Taysom Hill,TE,NO,79.9,93.8,107.7,0,0,0,0.0,0.0,47,258,1.6,46,28,339,1.9
703,Cameron Brate,TE,TB,74.4,96.3,118.2,0,0,0,0.0,0.0,0,0,0.0,72,44,452,4.9
704,Pat Freiermuth,TE,PIT,70.8,100.5,130.2,0,0,0,0.0,0.0,0,0,0.0,77,59,497,3.7
705,Brevin Jordan,TE,HOU,67.2,94.8,122.4,0,0,0,0.0,0.0,0,0,0.0,86,55,471,3.5
706,Ricky Seals-Jones,TE,NYG,64.1,83.7,103.3,0,0,0,0.0,0.0,0,0,0.0,59,39,435,3.6
707,Jonnu Smith,TE,NE,63.3,83.2,103.0,0,0,0,0.0,0.0,5,25,0.2,62,40,414,3.1
708,Hayden Hurst,TE,CIN,58.9,79.6,100.3,0,0,0,0.0,0.0,0,0,0.0,63,41,426,2.9
709,Mo Alie-Cox,TE,IND,57.5,74.4,91.3,0,0,0,0.0,0.0,0,0,0.0,50,34,401,3.0
710,Dan Arnold,TE,JAC,56.7,74.4,92.1,0,0,0,0.0,0.0,0,0,0.0,55,35,446,2.1
711,Josiah Deguara,TE,GB,56.5,74.9,93.3,0,0,0,0.0,0.0,0,0,0.0,58,37,390,3.0
712,Geoff Swaim,TE,TEN,56.1,77.9,99.7,0,0,0,0.0,0.0,0,0,0.0,65,44,386,3.0
713,Evan Engram,TE,JAC,52.4,70.5,88.5,0,0,0,0.0,0.0,1,4,0.0,63,36,386,2.3
714,Logan Thomas,TE,WAS,50.5,66.7,82.9,0,0,0,0.0,0.0,0,0,0.0,48,32,345,2.8
715,C.J. Uzomah,TE,NYJ,49.2,66.2,83.2,0,0,0,0.0,0.0,0,0,0.0,49,34,345,2.5
716,Robert Tonyan Jr.,TE,GB,48.6,64.5,80.6,0,0,0,0.0,0.0,0,0,0.0,47,32,350,2.3
717,Greg Dulcich,TE,DEN,45.9,60.0,74.1,0,0,0,0.0,0.0,0,0,0.0,47,28,343,2.0
718,Anthony Firkser,TE,ATL,45.8,63.8,81.8,0,0,0,0.0,0.0,0,0,0.0,52,36,341,2.0
719,Pharaoh Brown,TE,HOU,45.4,63.6,81.8,0,0,0,0.0,0.0,0,0,0.0,55,36,353,1.8
720,Harrison Bryant,TE,CLE,44.4,58.3,72.2,0,0,0,0.0,0.0,0,0,0.0,42,28,306,2.4
721,Tyler Conklin,TE,NYJ,43.0,58.9,74.8,0,0,0,0.0,0.0,0,0,0.0,50,32,312,2.1
722,Donald Parham,TE,LAC,40.4,51.8,63.2,0,0,0,0.0,0.0,0,0,0.0,34,23,262,2.4
723,Jordan Akins,TE,NYG,39.3,52.8,66.3,0,0,0,0.0,0.0,1,3,0.0,39,27,280,1.9
724,Jelani Woods,TE,IND,37.0,48.3,59.6,0,0,0,0.0,0.0,0,0,0.0,38,23,275,1.6
725,Tommy Tremble,TE,CAR,36.2,48.8,61.5,0,0,0,0.0,0.0,2,6,0.1,44,25,240,1.9
726,Ryan Griffin,TE,CHI,35.9,48.8,61.8,0,0,0,0.0,0.0,0,0,0.0,42,26,257,1.8
727,Adam Trautman,TE,NO,35.6,48.8,62.0,0,0,0,0.0,0.0,0,0,0.0,40,26,264,1.6
728,Cade Otton,TE,TB,35.2,45.8,56.5,0,0,0,0.0,0.0,0,0,0.0,36,21,260,1.6
729,Johnny Mundt,TE,MIN,34.3,45.6,57.0,0,0,0,0.0,0.0,0,0,0.0,32,23,240,1.8
730,O.J. Howard,TE,BUF,31.3,40.9,50.5,0,0,0,0.0,0.0,0,0,0.0,29,19,218,1.6
731,Durham Smythe,TE,MIA,31.1,42.1,53.0,0,0,0,0.0,0.0,2,9,0.1,30,22,208,1.5
732,Ian Thomas,TE,CAR,30.2,40.6,51.1,0,0,0,0.0,0.0,0,0,0.0,37,21,217,1.5
733,Will Dissly,TE,SEA,28.3,38.9,49.4,0,0,0,0.0,0.0,0,0,0.0,31,21,217,1.2
734,John Bates,TE,WAS,27.5,37.8,48.0,0,0,0,0.0,0.0,0,0,0.0,30,20,205,1.3
735,Josh Oliver,TE,BAL,27.5,37.3,47.1,0,0,0,0.0,0.0,0,0,0.0,34,20,186,1.6
736,Foster Moreau,TE,LV,26.5,34.5,42.5,0,0,0,0.0,0.0,0,0,0.0,25,16,195,1.2
737,Trey McBride,TE,ARI,25.2,32.9,40.6,0,0,0,0.0,0.0,0,0,0.0,26,15,188,1.1
738,Kylen Granson,TE,IND,24.4,33.4,42.5,0,0,0,0.0,0.0,0,0,0.0,27,18,163,1.4
739,Zach Gentry,TE,PIT,22.6,30.7,38.8,0,0,0,0.0,0.0,0,0,0.0,22,16,162,1.1
740,Eric Tomlinson,TE,DEN,21.9,28.7,35.5,0,0,0,0.0,0.0,0,0,0.0,21,14,144,1.3
741,Blake Bell,TE,KC,21.2,28.1,35.0,0,0,0,0.0,0.0,3,11,0.1,21,14,138,0.9
742,Drew Sample,TE,CIN,20.1,28.9,37.6,0,0,0,0.0,0.0,0,0,0.0,26,18,156,0.8
743,Jeremy Sprinkle,TE,DAL,18.2,24.5,30.7,0,0,0,0.0,0.0,0,0,0.0,19,13,122,1.0
744,Antony Auclair,TE,HOU,16.3,22.3,28.2,0,0,0,0.0,0.0,0,0,0.0,18,12,118,0.8
745,Ross Dwelley,TE,SF,16.2,21.4,26.6,0,0,0,0.0,0.0,0,0,0.0,15,10,114,0.8
746,Miller Forristall,TE,CLE,16.1,22.0,27.8,0,0,0,0.0,0.0,0,0,0.0,18,12,121,0.7
747,Tre McKitty,TE,LAC,15.3,20.6,26.0,0,0,0,0.0,0.0,0,0,0.0,16,11,110,0.7
748,Daniel Bellinger,TE,NYG,13.9,18.3,22.7,0,0,0,0.0,0.0,0,0,0.0,15,9,106,0.6
749,Jack Stoll,TE,PHI,13.8,18.9,23.9,0,0,0,0.0,0.0,0,0,0.0,16,10,90,0.8
750,Adam Shaheen,TE,MIA,13.6,17.8,22.0,0,0,0,0.0,0.0,0,0,0.0,13,8,86,0.8
751,Kyle Rudolph,TE,TB,12.8,16.8,20.8,0,0,0,0.0,0.0,0,0,0.0,11,8,86,0.7
752,Chris Manhertz,TE,JAC,12.6,17.5,22.4,0,0,0,0.0,0.0,0,0,0.0,16,10,97,0.5
753,Jeremy Ruckert,TE,NYJ,12.2,16.1,20.0,0,0,0,0.0,0.0,0,0,0.0,13,8,95,0.5
754,Kendall Blanton,TE,LAR,11.8,16.3,20.7,0,0,0,0.0,0.0,0,0,0.0,13,9,79,0.7
755,Kevin Rader,TE,PIT,10.1,13.9,17.7,0,0,0,0.0,0.0,0,0,0.0,12,8,75,0.4
756,Juwan Johnson,TE,NO,9.6,12.4,15.1,0,0,0,0.0,0.0,0,0,0.0,9,6,61,0.6
757,Nick Boyle,TE,BAL,9.5,12.4,15.3,0,0,0,0.0,0.0,0,0,0.0,8,6,57,0.7
758,James O’Shaughnessy,TE,CHI,9.2,12.5,15.7,0,0,0,0.0,0.0,0,0,0.0,10,7,68,0.4
759,Marcedes Lewis,TE,GB,9.2,12.5,15.8,0,0,0,0.0,0.0,0,0,0.0,9,7,64,0.5
760,Joe Fortson,TE,KC,7.7,10.0,12.3,0,0,0,0.0,0.0,0,0,0.0,7,5,44,0.6
761,Luke Farrell,TE,JAC,7.4,10.5,13.5,0,0,0,0.0,0.0,0,0,0.0,10,6,55,0.3
762,Parker Hesse,TE,ATL,7.2,10.2,13.1,0,0,0,0.0,0.0,0,0,0.0,9,6,53,0.3
763,Tyler Davis,TE,GB,7.2,9.8,12.2,0,0,0,0.0,0.0,0,0,0.0,8,5,51,0.4
764,Dominique Dafney,TE,GB,7.0,9.4,11.8,0,0,0,0.0,0.0,0,0,0.0,8,5,51,0.3
765,Tyler Kroft,TE,SF,6.7,8.9,11.1,0,0,0,0.0,0.0,0,0,0.0,7,4,48,0.3
766,Garrett Griffin,TE,DET,6.6,9.3,11.9,0,0,0,0.0,0.0,0,0,0.0,8,5,50,0.3
767,J.P. Holtz,TE,NO,6.1,8.3,10.4,0,0,0,0.0,0.0,0,0,0.0,7,4,45,0.3
768,Nick Vannett,TE,NO,6.0,8.1,10.1,0,0,0,0.0,0.0,0,0,0.0,6,4,42,0.3
769,Sammis Reyes,TE,WAS,5.4,7.3,9.1,0,0,0,0.0,0.0,0,0,0.0,6,4,39,0.3
770,Shane Zylstra,TE,DET,5.4,7.5,9.6,0,0,0,0.0,0.0,0,0,0.0,7,4,38,0.3
771,Tommy Hudson,TE,TEN,4.9,6.8,8.6,0,0,0,0.0,0.0,0,0,0.0,6,4,36,0.2
772,Brock Wright,TE,DET,4.6,6.3,8.0,0,0,0,0.0,0.0,0,0,0.0,5,3,31,0.3
773,Stephen Anderson,TE,ARI,4.6,6.3,8.1,0,0,0,0.0,0.0,0,0,0.0,5,4,35,0.2
774,Charlie Kolar,TE,BAL,4.5,5.8,7.1,0,0,0,0.0,0.0,0,0,0.0,4,3,32,0.2
775,Brayden Lenius,TE,ATL,4.5,5.9,7.3,0,0,0,0.0,0.0,0,0,0.0,5,3,35,0.2
776,Tucker Fisk,TE,ATL,4.5,5.9,7.3,0,0,0,0.0,0.0,0,0,0.0,5,3,35,0.2
777,Isaiah Likely,TE,BAL,4.5,5.8,7.1,0,0,0,0.0,0.0,0,0,0.0,4,3,32,0.2
778,John FitzPatrick,TE,ATL,4.5,5.9,7.3,0,0,0,0.0,0.0,0,0,0.0,5,3,35,0.2
779,Ben Ellefson,TE,MIN,4.4,5.8,7.3,0,0,0,0.0,0.0,0,0,0.0,4,3,31,0.2
780,Giovanni Ricci,TE,CAR,4.3,5.7,7.1,0,0,0,0.0,0.0,0,0,0.0,5,3,28,0.3
781,Colin Thompson,TE,CAR,4.2,5.7,7.2,0,0,0,0.0,0.0,0,0,0.0,5,3,31,0.2
782,Antonio Gandy-Golden,TE,WAS,4.2,5.5,6.8,0,0,0,0.0,0.0,0,0,0.0,4,3,31,0.2
783,Jordan Franks,TE,KC,4.1,5.3,6.5,0,0,0,0.0,0.0,0,0,0.0,4,2,29,0.2
784,Sean McKeon,TE,DAL,4.0,5.5,7.0,0,0,0,0.0,0.0,0,0,0.0,5,3,27,0.2
785,Deon Yelder,TE,ARI,4.0,5.7,7.2,0,0,0,0.0,0.0,0,0,0.0,5,3,30,0.2
786,Stephen Sullivan,TE,CAR,3.9,5.4,6.8,0,0,0,0.0,0.0,0,0,0.0,5,3,29,0.2
787,Cole Turner,TE,WAS,3.7,4.8,6.0,0,0,0,0.0,0.0,0,0,0.0,4,2,27,0.2
788,Noah Gray,TE,KC,3.7,5.0,6.2,0,0,0,0.0,0.0,0,0,0.0,4,2,20,0.3
789,Armani Rogers,TE,WAS,3.7,4.8,6.0,0,0,0,0.0,0.0,0,0,0.0,4,2,27,0.2
790,Devin Asiasi,TE,NE,3.7,5.0,6.3,0,0,0,0.0,0.0,0,0,0.0,4,3,27,0.2
791,Curtis Hodges,TE,WAS,3.7,4.8,6.0,0,0,0,0.0,0.0,0,0,0.0,4,2,27,0.2
792,Connor Heyward,TE,PIT,3.6,4.7,5.8,0,0,0,0.0,0.0,0,0,0.0,4,2,28,0.1
793,Ko Kieft,TE,TB,3.5,4.5,5.6,0,0,0,0.0,0.0,0,0,0.0,3,2,26,0.2
794,Alize Mack,TE,GB,3.5,4.8,6.1,0,0,0,0.0,0.0,0,0,0.0,4,3,26,0.2
795,Ben Beise,TE,TB,3.5,4.5,5.6,0,0,0,0.0,0.0,0,0,0.0,3,2,26,0.2
796,JJ Howland,TE,TB,3.5,4.5,5.6,0,0,0,0.0,0.0,0,0,0.0,3,2,26,0.2
797,Jace Sternberger,TE,PIT,3.2,4.4,5.5,0,0,0,0.0,0.0,0,0,0.0,4,2,24,0.1
798,Andrew Ogletree,TE,IND,3.0,3.9,4.8,0,0,0,0.0,0.0,0,0,0.0,3,2,22,0.1
799,Michael Jacobson,TE,IND,3.0,3.9,4.8,0,0,0,0.0,0.0,0,0,0.0,3,2,22,0.1
800,Nikola Kalinic,TE,IND,3.0,3.9,4.8,0,0,0,0.0,0.0,0,0,0.0,3,2,22,0.1
801,Maxx Williams,TE,ARI,3.0,4.0,5.1,0,0,0,0.0,0.0,0,0,0.0,3,2,23,0.1
802,J.J. Arcega-Whiteside,TE,PHI,2.9,3.7,4.5,0,0,0,0.0,0.0,0,0,0.0,3,2,22,0.1
803,Scotty Washington,TE,CIN,2.7,3.4,4.2,0,0,0,0.0,0.0,0,0,0.0,3,2,20,0.1
804,Justin Rigg,TE,CIN,2.5,3.3,4.0,0,0,0,0.0,0.0,0,0,0.0,3,2,19,0.1
805,Chigoziem Okonkwo,TE,TEN,2.5,3.3,4.1,0,0,0,0.0,0.0,0,0,0.0,3,2,19,0.1
806,Briley Moore,TE,TEN,2.5,3.3,4.1,0,0,0,0.0,0.0,0,0,0.0,3,2,19,0.1
807,Nick Eubanks,TE,CIN,2.5,3.3,4.0,0,0,0,0.0,0.0,0,0,0.0,3,2,19,0.1
808,Thomas Odukoya,TE,TEN,2.5,3.3,4.1,0,0,0,0.0,0.0,0,0,0.0,3,2,19,0.1
809,Josh Babicz,TE,CAR,2.4,3.2,3.9,0,0,0,0.0,0.0,0,0,0.0,2,2,18,0.1
810,Jacob Hollister,TE,LV,2.4,3.3,4.2,0,0,0,0.0,0.0,0,0,0.0,3,2,16,0.1
811,Jordan Matthews,TE,SF,2.4,3.1,3.8,0,0,0,0.0,0.0,0,0,0.0,2,1,18,0.1
812,Charlie Woerner,TE,SF,2.4,3.2,4.0,0,0,0,0.0,0.0,0,0,0.0,2,2,17,0.1
813,Jake Tonges,TE,CHI,2.4,3.1,3.8,0,0,0,0.0,0.0,0,0,0.0,2,1,18,0.1
814,Jared Scott,TE,CAR,2.4,3.2,3.9,0,0,0,0.0,0.0,0,0,0.0,2,2,18,0.1
815,Chase Allen,TE,CHI,2.4,3.1,3.8,0,0,0,0.0,0.0,0,0,0.0,2,1,18,0.1
816,Thaddeus Moss,TE,CIN,2.3,3.1,4.0,0,0,0,0.0,0.0,0,0,0.0,3,2,17,0.1
817,Devin Funchess,TE,DET,2.3,3.0,3.7,0,0,0,0.0,0.0,0,0,0.0,2,1,18,0.1
818,James Mitchell,TE,DET,2.3,3.0,3.7,0,0,0,0.0,0.0,0,0,0.0,2,1,18,0.1
819,Jake Ferguson,TE,DAL,2.3,3.1,3.8,0,0,0,0.0,0.0,0,0,0.0,2,1,17,0.1
820,Peyton Hendershot,TE,DAL,2.3,3.1,3.8,0,0,0,0.0,0.0,0,0,0.0,2,1,17,0.1
821,Ian Murphy-Bunting,TE,DAL,2.3,3.1,3.8,0,0,0,0.0,0.0,0,0,0.0,2,1,17,0.1
822,Derrick Deese Jr.,TE,DET,2.3,3.0,3.7,0,0,0,0.0,0.0,0,0,0.0,2,1,18,0.1
823,Nolan Givan,TE,DET,2.3,3.0,3.7,0,0,0,0.0,0.0,0,0,0.0,2,1,18,0.1
824,Nick Muse,TE,MIN,2.2,2.9,3.6,0,0,0,0.0,0.0,0,0,0.0,2,1,16,0.1
825,Zach Davidson,TE,MIN,2.1,2.8,3.6,0,0,0,0.0,0.0,0,0,0.0,2,1,15,0.1
826,Shaun Beyer,TE,MIN,2.1,2.8,3.6,0,0,0,0.0,0.0,0,0,0.0,2,1,15,0.1
827,Lucas Krull,TE,NO,2.1,2.8,3.4,0,0,0,0.0,0.0,0,0,0.0,2,1,16,0.1
828,Mark Vital,TE,KC,2.0,2.6,3.2,0,0,0,0.0,0.0,0,0,0.0,2,1,15,0.1
829,Brandon Dillon,TE,NO,1.9,2.5,3.3,0,0,0,0.0,0.0,0,0,0.0,2,1,13,0.1
830,Troy Fumagalli,TE,SF,1.9,2.6,3.3,0,0,0,0.0,0.0,0,0,0.0,2,1,14,0.1
831,Matt Sokol,TE,NE,1.9,2.5,3.2,0,0,0,0.0,0.0,0,0,0.0,2,1,14,0.1
832,Colby Parkinson,TE,SEA,1.9,2.6,3.3,0,0,0,0.0,0.0,0,0,0.0,2,1,14,0.1
833,Mitchell Wilcox,TE,CIN,1.8,2.6,3.3,0,0,0,0.0,0.0,0,0,0.0,2,1,14,0.1
834,Dalton Keene,TE,NE,1.8,2.5,3.2,0,0,0,0.0,0.0,0,0,0.0,2,1,13,0.1
835,David Wells,TE,ARI,1.7,2.3,2.9,0,0,0,0.0,0.0,0,0,0.0,2,1,12,0.1
836,Nick Bowers,TE,LV,1.6,2.1,2.7,0,0,0,0.0,0.0,0,0,0.0,2,1,11,0.1
837,Bernhard Seikovits,TE,ARI,1.5,2.0,2.4,0,0,0,0.0,0.0,0,0,0.0,2,1,11,0.1
838,Chris Pierce,TE,ARI,1.5,2.0,2.4,0,0,0,0.0,0.0,0,0,0.0,2,1,11,0.1
839,Jared Pinkney,TE,LAR,1.5,2.1,2.6,0,0,0,0.0,0.0,0,0,0.0,2,1,11,0.1
840,Brycen Hopkins,TE,LAR,1.5,2.1,2.6,0,0,0,0.0,0.0,0,0,0.0,2,1,11,0.1
841,Richard Rodgers,TE,PHI,1.5,2.0,2.4,0,0,0,0.0,0.0,0,0,0.0,1,1,10,0.1
842,Eric Saubert,TE,DEN,1.3,1.8,2.3,0,0,0,0.0,0.0,0,0,0.0,2,1,9,0.1
843,Tyler Mabry,TE,SEA,1.3,1.8,2.3,0,0,0,0.0,0.0,0,0,0.0,2,1,10,0.1
844,Cade Brewer,TE,SEA,1.1,1.4,1.8,0,0,0,0.0,0.0,0,0,0.0,1,1,9,0.0
845,Dylan Soehner,TE,NO,1.1,1.5,2.0,0,0,0,0.0,0.0,0,0,0.0,1,1,8,0.1
846,Chris Myarick,TE,NYG,1.1,1.5,1.9,0,0,0,0.0,0.0,0,0,0.0,1,1,8,0.1
847,Grant Calcaterra,TE,PHI,1.0,1.3,1.6,0,0,0,0.0,0.0,0,0,0.0,1,1,7,0.0
848,Erik Krommenhoek,TE,LAC,1.0,1.3,1.6,0,0,0,0.0,0.0,0,0,0.0,1,1,7,0.0
849,Tommy Sweeney,TE,BUF,0.9,1.2,1.6,0,0,0,0.0,0.0,0,0,0.0,1,1,6,0.1
850,Tanner Hudson,TE,SF,0.9,1.2,1.5,0,0,0,0.0,0.0,0,0,0.0,1,1,6,0.0
851,Andrew Beck,TE,DEN,0.9,1.3,1.6,0,0,0,0.0,0.0,0,0,0.0,1,1,7,0.0
852,Tyree Jackson,TE,PHI,0.9,1.2,1.5,0,0,0,0.0,0.0,0,0,0.0,1,1,6,0.1
853,Stone Smartt,TE,LAC,0.8,1.1,1.3,0,0,0,0.0,0.0,0,0,0.0,1,0,6,0.0
854,Noah Togiai,TE,PHI,0.8,1.1,1.4,0,0,0,0.0,0.0,0,0,0.0,1,1,6,0.0
855,Jeremiah Hall,TE,NYG,0.2,0.3,0.3,0,0,0,0.0,0.0,0,0,0.0,0,0,2,0.0
856,Andre Miller,TE,NYG,0.2,0.3,0.3,0,0,0,0.0,0.0,0,0,0.0,0,0,2,0.0
857,Austin Allen,TE,NYG,0.2,0.3,0.3,0,0,0,0.0,0.0,0,0,0.0,0,0,2,0.0
858,Tyler Bass,K,BUF,144.5,144.5,144.5,0,0,0,0.0,0.0,0,0,0.0,0,0,0,0.0
859,Ryan Succop,K,TB,143.5,143.5,143.5,0,0,0,0.0,0.0,0,0,0.0,0,0,0,0.0
860,Harrison Butker,K,KC,142.6,142.6,142.6,0,0,0,0.0,0.0,0,0,0.0,0,0,0,0.0
861,Matt Gay,K,LAR,142.0,142.0,142.0,0,0,0,0.0,0.0,0,0,0.0,0,0,0,0.0
862,Dustin Hopkins,K,LAC,141.2,141.2,141.2,0,0,0,0.0,0.0,0,0,0.0,0,0,0,0.0
863,Gabe Brkic,K,GB,141.0,141.0,141.0,0,0,0,0.0,0.0,0,0,0.0,0,0,0,0.0
864,Jonathan Garibay,K,DAL,138.8,138.8,138.8,0,0,0,0.0,0.0,0,0,0.0,0,0,0,0.0
865,Evan McPherson,K,CIN,137.7,137.7,137.7,0,0,0,0.0,0.0,0,0,0.0,0,0,0,0.0
866,Jake Elliott,K,PHI,137.3,137.3,137.3,0,0,0,0.0,0.0,0,0,0.0,0,0,0,0.0
867,Justin Tucker,K,BAL,137.2,137.2,137.2,0,0,0,0.0,0.0,0,0,0.0,0,0,0,0.0
868,Robbie Gould,K,SF,137.0,137.0,137.0,0,0,0,0.0,0.0,0,0,0.0,0,0,0,0.0
869,Rodrigo Blankenship,K,IND,136.6,136.6,136.6,0,0,0,0.0,0.0,0,0,0.0,0,0,0,0.0
870,Greg Joseph,K,MIN,136.0,136.0,136.0,0,0,0,0.0,0.0,0,0,0.0,0,0,0,0.0
871,Matt Prater,K,ARI,135.6,135.6,135.6,0,0,0,0.0,0.0,0,0,0.0,0,0,0,0.0
872,Randy Bullock,K,TEN,135.3,135.3,135.3,0,0,0,0.0,0.0,0,0,0.0,0,0,0,0.0
873,Daniel Carlson,K,LV,134.7,134.7,134.7,0,0,0,0.0,0.0,0,0,0.0,0,0,0,0.0
874,Brandon McManus,K,DEN,134.2,134.2,134.2,0,0,0,0.0,0.0,0,0,0.0,0,0,0,0.0
875,Jason Sanders,K,MIA,133.2,133.2,133.2,0,0,0,0.0,0.0,0,0,0.0,0,0,0,0.0
876,Nick Folk,K,NE,133.1,133.1,133.1,0,0,0,0.0,0.0,0,0,0.0,0,0,0,0.0
877,Joey Slye,K,WAS,132.3,132.3,132.3,0,0,0,0.0,0.0,0,0,0.0,0,0,0,0.0
878,Cade York,K,CLE,132.2,132.2,132.2,0,0,0,0.0,0.0,0,0,0.0,0,0,0,0.0
879,Wil Lutz,K,NO,131.0,131.0,131.0,0,0,0,0.0,0.0,0,0,0.0,0,0,0,0.0
880,Graham Gano,K,NYG,127.5,127.5,127.5,0,0,0,0.0,0.0,0,0,0.0,0,0,0,0.0
881,Zane Gonzalez,K,CAR,127.4,127.4,127.4,0,0,0,0.0,0.0,0,0,0.0,0,0,0,0.0
882,Austin Seibert,K,DET,127.3,127.3,127.3,0,0,0,0.0,0.0,0,0,0.0,0,0,0,0.0
883,Chris Boswell,K,PIT,127.2,127.2,127.2,0,0,0,0.0,0.0,0,0,0.0,0,0,0,0.0
884,Cairo Santos,K,CHI,126.2,126.2,126.2,0,0,0,0.0,0.0,0,0,0.0,0,0,0,0.0
885,Greg Zuerlein,K,NYJ,125.5,125.5,125.5,0,0,0,0.0,0.0,0,0,0.0,0,0,0,0.0
886,Ryan Santoso,K,JAC,125.3,125.3,125.3,0,0,0,0.0,0.0,0,0,0.0,0,0,0,0.0
887,Younghoe Koo,K,ATL,123.9,123.9,123.9,0,0,0,0.0,0.0,0,0,0.0,0,0,0,0.0
888,Jason Myers,K,SEA,123.6,123.6,123.6,0,0,0,0.0,0.0,0,0,0.0,0,0,0,0.0
889,Ka’imi Fairbairn,K,HOU,121.4,121.4,121.4,0,0,0,0.0,0.0,0,0,0.0,0,0,0,0.0
890,TB Defense,DEF,TB,115.0,115.0,115.0,0,0,0,0.0,0.0,0,0,0.0,0,0,0,0.0
891,BAL Defense,DEF,BAL,112.5,112.5,112.5,0,0,0,0.0,0.0,0,0,0.0,0,0,0,0.0
892,CIN Defense,DEF,CIN,109.0,109.0,109.0,0,0,0,0.0,0.0,0,0,0.0,0,0,0,0.0
893,SF Defense,DEF,SF,106.5,106.5,106.5,0,0,0,0.0,0.0,0,0,0.0,0,0,0,0.0
894,LAR Defense,DEF,LAR,103.8,103.8,103.8,0,0,0,0.0,0.0,0,0,0.0,0,0,0,0.0
895,PHI Defense,DEF,PHI,103.0,103.0,103.0,0,0,0,0.0,0.0,0,0,0.0,0,0,0,0.0
896,BUF Defense,DEF,BUF,102.5,102.5,102.5,0,0,0,0.0,0.0,0,0,0.0,0,0,0,0.0
897,MIA Defense,DEF,MIA,102.2,102.2,102.2,0,0,0,0.0,0.0,0,0,0.0,0,0,0,0.0
898,NO Defense,DEF,NO,101.1,101.1,101.1,0,0,0,0.0,0.0,0,0,0.0,0,0,0,0.0
899,IND Defense,DEF,IND,100.4,100.4,100.4,0,0,0,0.0,0.0,0,0,0.0,0,0,0,0.0
900,LAC Defense,DEF,LAC,100.2,100.2,100.2,0,0,0,0.0,0.0,0,0,0.0,0,0,0,0.0
901,DEN Defense,DEF,DEN,99.8,99.8,99.8,0,0,0,0.0,0.0,0,0,0.0,0,0,0,0.0
902,DAL Defense,DEF,DAL,99.7,99.7,99.7,0,0,0,0.0,0.0,0,0,0.0,0,0,0,0.0
903,CLE Defense,DEF,CLE,98.7,98.7,98.7,0,0,0,0.0,0.0,0,0,0.0,0,0,0,0.0
904,GB Defense,DEF,GB,98.2,98.2,98.2,0,0,0,0.0,0.0,0,0,0.0,0,0,0,0.0
905,WAS Defense,DEF,WAS,97.1,97.1,97.1,0,0,0,0.0,0.0,0,0,0.0,0,0,0,0.0
906,ARI Defense,DEF,ARI,96.1,96.1,96.1,0,0,0,0.0,0.0,0,0,0.0,0,0,0,0.0
907,PIT Defense,DEF,PIT,96.1,96.1,96.1,0,0,0,0.0,0.0,0,0,0.0,0,0,0,0.0
908,KC Defense,DEF,KC,95.1,95.1,95.1,0,0,0,0.0,0.0,0,0,0.0,0,0,0,0.0
909,CAR Defense,DEF,CAR,93.7,93.7,93.7,0,0,0,0.0,0.0,0,0,0.0,0,0,0,0.0
910,LV Defense,DEF,LV,92.2,92.2,92.2,0,0,0,0.0,0.0,0,0,0.0,0,0,0,0.0
911,NE Defense,DEF,NE,91.5,91.5,91.5,0,0,0,0.0,0.0,0,0,0.0,0,0,0,0.0
912,SEA Defense,DEF,SEA,91.2,91.2,91.2,0,0,0,0.0,0.0,0,0,0.0,0,0,0,0.0
913,TEN Defense,DEF,TEN,91.2,91.2,91.2,0,0,0,0.0,0.0,0,0,0.0,0,0,0,0.0
914,CHI Defense,DEF,CHI,91.0,91.0,91.0,0,0,0,0.0,0.0,0,0,0.0,0,0,0,0.0
915,MIN Defense,DEF,MIN,90.2,90.2,90.2,0,0,0,0.0,0.0,0,0,0.0,0,0,0,0.0
916,NYG Defense,DEF,NYG,89.7,89.7,89.7,0,0,0,0.0,0.0,0,0,0.0,0,0,0,0.0
917,NYJ Defense,DEF,NYJ,88.4,88.4,88.4,0,0,0,0.0,0.0,0,0,0.0,0,0,0,0.0
918,ATL Defense,DEF,ATL,86.7,86.7,86.7,0,0,0,0.0,0.0,0,0,0.0,0,0,0,0.0
919,DET Defense,DEF,DET,84.3,84.3,84.3,0,0,0,0.0,0.0,0,0,0.0,0,0,0,0.0
920,HOU Defense,DEF,HOU,84.1,84.1,84.1,0,0,0,0.0,0.0,0,0,0.0,0,0,0,0.0
921,JAC Defense,DEF,JAC,83.0,83.0,83.0,0,0,0,0.0,0.0,0,0,0.0,0,0,0,0.0
